d,g,r
0.2483958702471314,0.8870048785242118,817.2637188791036
0.09700878417458059,0.39032769175777715,670.6577749328388
0.24002068680496158,0.500615124814988,907.955453788218
0.5966123269220713,0.7381096168003566,165.8341396207942
0.749032832644925,0.26253409878214407,916.1221178131295
0.921006265108791,0.3148889849360038,837.9378235851404
0.9382470376320353,0.12386505870566122,367.5588684200557
0.09489290287606944,0.6224023679530941,31.530025942102192
0.3406720828166486,0.9366092397470422,742.7980523903037
0.22443967922181485,0.9907000598213783,537.5554365390094
0.9036958934053574,0.7290463798849034,693.2544890084883
0.7123941196283498,0.7099690140175491,991.5855094988304
0.1251761246869566,0.14588451953242676,911.9378711595082
0.07420340033566508,0.5243622220517612,115.30202728067695
0.854737761156492,0.8148518895211619,951.448129576135
0.7735029240703524,0.20209236941388742,779.6646905665322
0.019518561831193826,0.7436914755880795,730.010727851549
0.40804197988537005,0.14760642294106618,758.596200450623
0.8955081793420698,0.4145349572160122,95.73718063164772
0.268941632090144,0.47931429640334644,851.2478994169898
0.05405601694908713,0.23718438896083427,138.53135725235165
0.9519016061146374,0.8045892661087228,966.9359944105887
0.28542911812542304,0.8953446839645116,859.9562369592916
0.7662532604361605,0.5198633907334368,390.4391626513912
0.21354914939295833,0.9806279112947551,67.38292380850619
0.5041437410011699,0.3725775305798862,570.8243929539117
0.9384339281714051,0.07681240462903127,956.7057854737152
0.6050839635189068,0.3038412354474618,773.9274956749663
0.8962055178128069,0.28668926020122254,262.8732371117406
0.3723940583269739,0.1791926561626449,474.3098653398402
0.23648341932239814,0.8065974045184378,744.3974576275523
0.8065125175669647,0.33984510264841394,420.61569349708896
0.8419449069133564,0.9981949323423733,76.9452106493842
0.809996999414147,0.18734276164990438,819.2395261980321
0.5773585644961188,0.7410577269663452,150.68480706644394
0.6707530319759625,0.566036830700363,622.4832165254661
0.9659959518940069,0.8878662118472469,201.77179154292423
0.23288344888695456,0.7933024347178277,398.51549866110645
0.008120107030022528,0.8113285757913998,35.24833368871039
0.2920007584157853,0.22408166189721768,947.9775962379059
0.8955819885174707,0.3984996880055284,511.30870255071216
0.5839934698941817,0.2744734253473984,694.1008900368694
0.611449176915593,0.967733712387559,55.50009416045165
0.7590897684536733,0.37963443023039734,36.50476575998252
0.12190026986325286,0.590134880020078,704.2303609757043
0.4010950452229083,0.08222579861518342,939.3941293422332
0.5947210521526151,0.0958414958391719,203.36900889270325
0.34860967433279755,0.023887573130381923,982.3811479216687
0.8729816868211575,0.9107648036248536,678.8540749499854
0.9225039027830255,0.2315500819460854,39.38604447593641
0.3743898015256537,0.6433812578987715,963.0059944079379
0.15643398498909333,0.45112743187575477,193.25558617984439
0.7061578292670386,0.5912976675290887,507.0236616298898
0.06707728819313208,0.5217491072956847,698.5872471747858
0.7425354151639159,0.09738203993825834,290.7678636572762
0.7753105727649249,0.22685342990909696,588.923010277477
0.18798639559324481,0.2785631600325148,220.12072295565542
0.41640429261292033,0.03849827927030336,472.9718518554694
0.5353459556267572,0.5578464094206068,104.44369422543254
0.4758702405984564,0.8237194775096612,747.3148827217245
0.7469807499108424,0.5749545637253018,98.39635536629731
0.9965174277863008,0.5583899231661694,964.3308110202569
0.058261421923147094,0.9693916334338054,555.6369892763062
0.007946147364333411,0.9775135464328378,175.44178474409233
0.23592995617769474,0.8553770820155883,840.8063562689641
0.9457841730772544,0.35663751066275484,213.42695654643927
0.16655523209519063,0.11549913956049684,167.13481301580845
0.2294739301200437,0.33114487244861357,337.98473727195966
0.8073895574831268,0.9435144915926685,849.980263833369
0.22888320576775656,0.7077661053592891,581.5730184235416
0.25639421775204374,0.5693103890692792,404.65899937772264
0.7516360055178589,0.5020846416297213,859.8728924595639
0.23340453949166484,0.4517134414984687,594.6120654564246
0.7737470092295128,0.2909733533548273,304.2851167254049
0.9250291410686143,0.5749295546818095,155.98859563812906
0.43203233351326253,0.08538798044393603,184.9140601549998
0.7431806615665401,0.974815963388311,297.8248055629499
0.5665654155429448,0.8992929315406938,120.74370389504475
0.31903631194337234,0.28666538946248865,786.0341838440315
0.5118584972633401,0.6981739243821711,131.75217251385828
0.6649768052985277,0.28463999145144314,303.95445290976033
0.7689606064791519,0.18299032213426636,818.1511120629742
0.8105694141622503,0.35723731524132685,120.04530439133254
0.6055585474342143,0.9175056640685791,706.0643919934496
0.22655049483381495,0.025135923341083166,983.3804645462674
0.6603652749555919,0.4954268596225455,281.34416158732887
0.8478005802105738,0.388921797604855,383.2367275316186
0.5057196051626405,0.9560747470534896,897.5131022799244
0.5230716494080224,0.8235608601009189,379.40568545298527
0.2818193513641739,0.5765867452797567,946.8013067174021
0.4756702707658005,0.7251882301502887,994.4827543760001
0.8322479981096166,0.8576146844842272,562.807910598527
0.7441958823597741,0.18356432454663563,924.8802267655726
0.7725102817184162,0.1578637784282132,752.8982479125667
0.711322174148972,0.9706951121378063,868.0414224009205
0.25485053854103745,0.5036773073097535,885.3078462481558
0.1201274641185549,0.05490922748821436,135.20574066292988
0.5662756569857478,0.9390406383528714,248.99525048024495
0.3988096035057629,0.6891429010527761,679.9572006250877
0.3672427027183758,0.821658136171871,217.96195889795155
0.7790812826385873,0.08055760014707913,363.9083631893152
0.7423013182817255,0.6210294190080128,490.9941602846678
0.00668537008237946,0.4310222323448474,762.8506464983976
0.1803996398748653,0.1379097329218465,148.02656830533934
0.791159207947214,0.11607260375106643,272.03732576473607
0.3154964493874072,0.6718449388097915,9.315981861050426
0.9133568524690084,0.5405204206984906,779.1111313767739
0.32116738373674625,0.8811154708442447,121.17610209640084
0.33371474073465146,0.7126648441118334,308.7769877054858
0.848599389549759,0.03133885074049281,121.69169525487422
0.10996434578537495,0.34695535788843634,791.5199520660369
0.15477510160056518,0.20020626500278227,269.094489626042
0.9010450209359293,0.705073106518027,946.0332661396437
0.3496734224012077,0.6555290693539392,150.57490969741804
0.9053342606573324,0.12925105095295475,749.9948679240968
0.2682713069219652,0.19362623923878308,423.7791473632575
0.9431516635981232,0.8179379381047667,519.0898518597587
0.6979169151061253,0.8669973157649555,278.22687903738887
0.8022198169050174,0.679980148061183,174.07101539515156
0.3239755623160301,0.08258175521094158,383.1146924549833
0.007642976303217419,0.9004559342592792,54.85092362781641
0.6430601080319858,0.4941223757904796,624.1978816020084
0.6741750085694883,0.7318035920838266,845.3820565040437
0.6327738067054179,0.5189388249513686,425.91276815957514
0.3904220546921522,0.6137841450755301,176.16615806058323
0.6475064325076736,0.04900664820141265,2.382687494320801
0.5883891451560753,0.051705713873632986,42.532350683602836
0.0957382938797694,0.07702101058212651,139.62570585090938
0.19322572594721132,0.044865870761829796,678.7376313873935
0.20804692839570638,0.6158475193307814,654.8684070076904
0.15292263586867616,0.32103657713117795,450.9672089329665
0.26952874711659247,0.8457781293264355,97.65264995240297
0.128473279307594,0.8255444680340538,682.8504011646048
0.6163202771908829,0.35248442799991786,859.5088299350147
0.9219145086554914,0.9846204477583824,67.48854911948476
0.32693578220520825,0.9764905846210233,904.8426989399976
0.3056834836547493,0.8508204358896517,64.71924867035706
0.09885884525152921,0.41997729311092,579.6261791003633
0.5293337294938596,0.7825525574767531,691.6445903022429
0.5874187085591313,0.8019512450924103,918.7241977598771
0.5245368865926336,0.5533056047114072,807.5041817145764
0.9665577396645297,0.7732317324252704,930.6107814254858
0.8267805866343378,0.43945259496315714,998.4880074711809
0.3100619932037437,0.6528620973480865,952.1427207969637
0.10504030174528212,0.9097716632850534,983.7429005691051
0.15543921516034342,0.7371085464987068,101.64880493892802
0.6977182827402237,0.6075957051907093,980.194864228089
0.3442255559660168,0.13262166794111707,186.29372627865527
0.37952953932072175,0.6958145539798869,315.93974212741614
0.3733955366553525,0.26488458140775106,161.96960230887493
0.6850719638358281,0.7546322090604427,980.200235531267
0.4718818515169815,0.22390098362887856,676.4772703240553
0.4377007464743189,0.636413185784327,121.84628860998569
0.8376624526012365,0.535725429847528,200.83901265294068
0.36021566628132606,0.8152891792440908,245.93554119555495
0.8858900469561355,0.7355147287682946,966.1297221249218
0.3990787122373596,0.9382104951006854,494.93205850686996
0.7890322199405237,0.7019787835671306,223.3916808860502
0.1276504818373464,0.3673975251205185,52.40659353569232
0.39775997231636406,0.6571034516429758,62.33826917698671
0.34352099889338483,0.25947171823767634,848.6517381412954
0.4009010070686644,0.7895372693493222,237.67161858907704
0.593888385078803,0.1413224740827106,541.8565081381058
0.786829909748585,0.26175089865436874,447.20925663995
0.753497357879735,0.941947751029304,434.5468957615328
0.5706110055042971,0.15012956121529675,560.2356332986849
0.143400032465682,0.6383707914154757,766.1933182661228
0.08528400701411787,0.09298892010069537,520.0059046486107
0.7116639194941508,0.6564637912524268,123.48837060556461
0.8419997951253846,0.3013724917105278,827.998221485012
0.4327340865043755,0.10937841212693722,601.1194802089003
0.3019993752170579,0.7221071643541858,713.082484616789
0.523074240804603,0.06649584026465849,481.93722339482315
0.6428761726643482,0.6641391474797395,829.229201871203
0.5618260753064636,0.12280202475446955,102.72505611557547
0.3130413389153366,0.4256306500574777,309.99778543212784
0.8029362132912722,0.8152037415659039,454.27955578988787
0.4206321507254822,0.3175765519415421,936.346555955744
0.8535922516306089,0.15045490030377195,954.8584643462455
0.007530630855268949,0.5978733925983564,771.6707449414237
0.6654553391730265,0.7810570335399154,609.2579816070817
0.7129932635369988,0.8832884959933791,895.5187250548835
0.98673166307403,0.3532360985186195,701.4124500521413
0.10609375655060171,0.5935590980122942,240.82883945212365
0.2988247557206519,0.01642481559773379,180.40478835741368
0.7498923847421405,0.29563077001135873,961.7274007871446
0.1916669660677257,0.02558007309400223,325.8744127550616
0.6607945463018953,0.9220164203067371,853.6429850435649
0.9332214768317204,0.5961075424447662,332.634057929857
0.4549760291192585,0.9380852918335016,795.5467326379734
0.23216980631543016,0.051139202525609107,699.5087327613612
0.0018510411001624316,0.9666095215922088,293.11253844967376
0.044683455794326976,0.5182713351986398,91.84161383629296
0.8512221240169241,0.8395004455768251,811.542626883959
0.16943429815466304,0.9981372558749961,475.6769928747484
0.10705816171519189,0.0021224598566982333,651.9950314469211
0.3317241270917861,0.21067099478681472,792.0347175450628
0.6981499119896124,0.013135639013271527,393.51852954558655
0.3444045422031571,0.5487607580588484,595.7677453646129
0.6181051859781838,0.8096017594558247,161.81444143268797
0.8484545893159581,0.8442413264818129,716.8209477020373
0.35201719145575605,0.3350715341098778,905.6583899622468
0.6617859531333244,0.38512583065986217,850.2211141858993
0.4188916826108273,0.8482755819046148,774.179333835959
0.20849621898632043,0.030032396430537345,552.8319474231615
0.25020406415882734,0.5836671727400723,479.1274475845453
0.9188325267296993,0.9625970771265406,530.6304754381466
0.5571473334523,0.7041392903269531,202.81628068524847
0.22242286054272264,0.5210466560294936,338.27845806788315
0.9791444711639807,0.26602331781363364,275.94933880842865
0.535648343198555,0.49772427734656166,892.83051612212
0.4838290216481833,0.9259443931279139,828.1577758522998
0.6978985294743245,0.843266492567204,376.09273128671003
0.653661564380672,0.04650337714725605,502.65737950779254
0.1970136202879733,0.2906904698865339,983.8851590444687
0.555964715032141,0.9555370155330666,410.85341374761686
0.45852303324958255,0.717601421840314,429.90398596832955
0.9474281924654478,0.5611873486126034,111.59683007795206
0.8135283593582932,0.5396335744085654,385.78329866135306
0.8505753724322496,0.6631822115479703,37.13772956649053
0.3896994717793465,0.8680071573489858,551.2534345021307
0.5303745282039807,0.6698904974634923,710.4719471200527
0.3247494564649178,0.47716645799685997,685.804329921268
0.4776310176049082,0.922473767329042,435.9634069349942
0.24576410643450375,0.1347991500417316,863.556058437931
0.03704746870295261,0.7158533301932984,686.0803142854519
0.8465552535673605,0.27811168286882737,247.29366838272614
0.7689756094680642,0.36465312755968626,381.2755297521898
0.6190323088350042,0.02883851865164888,415.6970124787449
0.5468901885029797,0.325300464283085,813.5940827310133
0.6819729942536258,0.06850675824644992,868.6593976649434
0.5562468736359427,0.42105209983210456,396.5136364326616
0.8648313290448159,0.9184929640152121,356.22703380891386
0.537903779434492,0.1172707643146973,633.6658093778915
0.7267313510096788,0.4357716597198601,884.3643986958554
0.5649225838358004,0.16261400315869057,70.01486458222128
0.013037206430542181,0.6824921169170765,190.42075745551156
0.24702256625220187,0.7375346425643194,436.3942326151749
0.9169165068536067,0.5017386362853119,817.3027627177185
0.4684431885249738,0.7908284008141413,798.0702533094556
0.5767787727455086,0.73119242011144,833.0163866512718
0.5626142634662159,0.914016517846853,788.3542678048161
0.5593693513888369,0.30097205994813625,91.33586892001999
0.8694783695424124,0.04966526106959368,392.218045451101
0.16262237007732416,0.14928752696384961,978.8889725350501
0.4316583688569581,0.34984587002648926,248.31343371839475
0.58741642922057,0.18729035240098546,455.2256029380964
0.6203430100523927,0.5515777604672817,489.0259916764759
0.33435791190350306,0.015269425221527966,393.1930411501716
0.029695764953887704,0.8010236256512839,820.0673156376787
0.31964318288704274,0.5437935889682938,735.1274102696359
0.9173861554250641,0.6294389179543928,392.1421084077484
0.28700150525439416,0.1023627046457447,544.5770307066291
0.9243482526663561,0.9474709848362693,374.01585982618866
0.20243682439791522,0.3311498245880026,979.5688065014829
0.975061516508545,0.2734902942259627,162.77351226982805
0.8686602136186826,0.03128349813213782,674.6576702909942
0.13500575317327568,0.24673158273689333,789.928654479579
0.6644809250170387,0.5836168164848939,586.2382401567764
0.7793188139222244,0.26422199559567516,661.3915718490119
0.2126053987213934,0.08020961927617842,274.7054844772998
0.3818553949624711,0.09579982992695113,366.91754677853237
0.09320714746361969,0.4435084451561816,804.4222978177015
0.49318186628731464,0.006547424896146237,941.3755137952718
0.5966834376725123,0.17524978894870114,219.56092386074556
0.5042613296133436,0.3881902070774589,474.36613804840755
0.5928003982326241,0.8341059064679086,112.6620869797823
0.9646604908641037,0.6708761237327954,360.28729428897657
0.7383741239226572,0.031743919122501296,658.4069265010853
0.8195308869518796,0.9870661090981875,662.0840074798346
0.42359497454378314,0.6498350673909089,632.4481045346716
0.25773148928944656,0.13762768318254381,162.44778871574616
0.9498945298265761,0.41701886582344316,147.64821002213336
0.8219838317994957,0.48827727078599525,360.39627374709426
0.6662907960899688,0.807736647461315,606.2720987514774
0.6256934877845739,0.30672148948185773,904.0660932081278
0.014150844991849265,0.2799049934725293,482.412804385412
0.9038527857045303,0.3089250991928809,202.17338001601547
0.3277637512397158,0.7983308597325389,762.3381397388252
0.9668086565026845,0.05593858922023953,793.121363656681
0.3366001751742379,0.29554382544730085,717.670206982643
0.5074187272875567,0.7478103876911683,666.6016935939903
0.2697093406718787,0.08595984327026895,344.2323576659862
0.10239979401347421,0.6593626905087343,712.6113818703029
0.032656161026353825,0.2709504360689293,295.8056542903017
0.08089742151816737,0.8608403425303578,307.52764820495014
0.10611862764390256,0.3648083766591945,582.3340476682225
0.9121587145570209,0.4950853574500538,791.5582075581264
0.3358200271064229,0.17280658253329928,333.97464858619776
0.2773515732765728,0.6226714633470869,566.5265221591916
0.860094440620058,0.2650738540821441,418.82145669726725
0.44151959119587836,0.039912133747286416,499.1612497147095
0.9165480513800918,0.45662630055924924,872.0649583255165
0.5092168682990355,0.8366156898717911,590.8092085031928
0.08324244114688262,0.1337460300505925,6.713070508038488
0.7781977938158018,0.7440779743144764,539.1198628812447
0.604068220244426,0.39893955519397806,457.927551943884
0.013649821971167597,0.4021268602635847,793.5414047264783
0.43031123274155814,0.48070423614248237,817.1693671067633
0.04988439455756011,0.7104902604553747,532.73278120308
0.7064058557774303,0.7455405256030487,419.1969031929986
0.8042875226816298,0.19246812899877475,151.91320984311463
0.46155403854914134,0.2845583800600051,587.5528899143698
0.17394472650464954,0.9976562162269255,720.8280273394316
0.8039351341028494,0.22698416358001106,303.86454445793163
0.7716880920146999,0.8770087778861334,344.0155263632999
0.7116226166873325,0.3251654861055271,31.61449034840569
0.34790272305546177,0.9490165433421303,290.22249642120636
0.7120537328485562,0.6348185861496706,254.9730959119536
0.7834624260575617,0.5371748559900167,504.53674269052993
0.9325243411807044,0.8426287459502745,429.7154381124595
0.7599869116323945,0.927140228750909,66.8172144863266
0.6636629786418149,0.3792334684348949,810.8338535338808
0.19766544945192155,0.8932071036893516,415.51310526946406
0.5842346189467091,0.6382327795670836,923.5206793019721
0.6335693102983374,0.04288534723588411,328.28863751147986
0.7597721411792187,0.3148241419953759,445.11245632223597
0.5243587720256525,0.9447305262972857,911.1323567304495
0.4264244537716848,0.09051691839482212,246.2327937058749
0.27101780928455266,0.4266654291166293,930.4856650379747
0.21308105548817857,0.7916569167781856,350.8602277918106
0.805307862087296,0.5700852860044099,675.3759404177872
0.5461088038016682,0.5119054780243864,978.1053083180682
0.6369872708490556,0.5899239359072525,906.8275814551637
0.6258884296880103,0.1742395091212927,196.02643160476674
0.37557054902233933,0.8964611635576412,529.4957887224357
0.12259095480576288,0.5976784247687709,655.3770390184449
0.8128510155154987,0.9424081076663855,550.2969206064255
0.7065363739900464,0.5892305465209968,1.7853316993490242
0.43247139060501694,0.029248792729379303,293.502813055597
0.8116394132327249,0.32487894047015575,73.1032122347276
0.33924419293147745,0.2768468234147572,879.7067396210603
0.5676959482541241,0.23178479176010103,823.8544350126297
0.749522602492594,0.8471227464062824,363.70460072300637
0.8703099040119597,0.6306250853194275,258.7070517271625
0.9909248117422478,0.9099778590928995,527.1516280600362
0.924116217449339,0.7429008404639945,393.45729240776893
0.7302837864876565,0.39580154771664766,334.66654419587263
0.9840804842959081,0.05745510776161189,973.3911689518276
0.873501414832165,0.8473991987265869,641.0441603812789
0.22349083102802825,0.9621832066713144,622.1459271185336
0.0445079445905171,0.4071902222110785,416.80920494092834
0.3001358114351108,0.41321965702075314,40.16923064357347
0.4256086132297924,0.9602515921611113,848.7442948528422
0.10126372882745882,0.8708504787647904,698.1378263502611
0.9758916935954025,0.41630123304175126,7.6521658650816615
0.6114798656302558,0.5435801213920819,496.25270101324537
0.2330676911450389,0.40653207823824034,691.7014894727007
0.9409905976163458,0.9994768807405809,939.8210637983952
0.46251371075444503,0.4998138964556956,119.53481581970127
0.6772566459983231,0.020344791097754222,954.2044515835282
0.3747815165436441,0.79168994940179,178.37761180010335
0.3148581026138547,0.11892492256478804,658.272472636498
0.6640915650321876,0.444922106479022,243.47300139384365
0.6960647407071922,0.7209461886168572,378.1465410758654
0.3775518975587102,0.7670649793845559,599.307904413966
0.12966108449230118,0.8505891738450686,709.5422750252242
0.40925453241215337,0.3201373808322532,188.19359001979674
0.8177395146829388,0.6071466857018702,562.2382692024802
0.7039615059966416,0.457434707837713,897.7484137475853
0.5942092357551397,0.14403205748424164,773.6846191588891
0.5477452279604313,0.8400926966738244,651.7407150358503
0.24757804422773,0.06490764630489743,806.0919156820282
0.7084661828190234,0.4653618229993205,83.50208293543093
0.4626907184654948,0.901433064187036,983.4525856001901
0.5439159685099175,0.5570581839743022,744.6438318176911
0.5243984361204058,0.3226868605469818,406.44195468133984
0.5649237583401885,0.33363091048772164,57.843384706082965
0.20565456513472435,0.02626953548523503,40.42765416110272
0.6220056827378926,0.1506020923852427,462.3433665748846
0.39129335157344913,0.4358379272193388,826.1078507838297
0.46386400954703844,0.5283732624348014,755.5005355820279
0.5612771313882443,0.4035487815129377,339.54949176080186
0.6806710139142239,0.17408278451194104,192.89372068956834
0.5062508143260995,0.8337922140967092,39.424254562591244
0.5935205243416274,0.6816971760964435,590.0700143516983
0.41593707757975984,0.11556219906903953,779.3444717318337
0.7252868336647086,0.8331790841654196,960.5613618232358
0.5418138597372212,0.31385862964256805,533.9465423369707
0.9365861081872112,0.2615359782361454,711.8538989944835
0.722086171999967,0.8585344602946899,705.2521230884894
0.09487105154780329,0.055847291234739416,660.8648657001457
0.829166508963583,0.4181990181281843,468.78489201063076
0.20648780527592492,0.02956752136019669,881.8565733223479
0.5980145536295863,0.4189346691859369,629.0037686670883
0.9954459949297113,0.39939724618864514,91.34967185542098
0.07348520940344494,0.36205752090781307,914.425380391763
0.6704508035579165,0.20286368341520455,680.5560370436805
0.9066423885924465,0.8365988240208152,664.7130220750552
0.4216422885781036,0.34996467323646807,722.1293517471189
0.6647527753285175,0.12861042168405412,151.7657398660569
0.3733480485679015,0.09863109815769455,105.56243849674706
0.007704156351079683,0.2524252765787339,342.3842644906154
0.16117276015571824,0.1516424577494101,210.3134157998413
0.3871105970165988,0.8531729804526476,428.96753798787444
0.037353224855592115,0.7092794406776334,255.81181266655562
0.9731996289732343,0.4998031386687898,596.2894285299261
0.16160208030192313,0.051276160329421505,357.46372754873903
0.07169700191705475,0.7521221391773782,609.4345938450952
0.5428933973156846,0.4577337876529788,104.10837730574052
0.5480570758654872,0.08765063092950942,313.2546359711077
0.2242840778246349,0.45433175077791665,713.2631678403214
0.16950148985484548,0.9141806147072206,852.9812950448215
0.10837768107009838,0.28193790211098024,640.1226410623943
0.18519895590432844,0.20466902052572022,212.48156944014883
0.8853124282556977,0.9046748633494187,580.3379781117549
0.11393727601477854,0.6093289505357923,621.8651867377656
0.05036367022284527,0.07296238701031454,870.8010200285197
0.6641236939330127,0.2821673427667718,386.66119293709613
0.3449392618374174,0.22440818433486132,766.4618341744144
0.02753337331520056,0.4851891294340034,866.0494935000762
0.2826661022429978,0.056204030261740145,933.6465469519709
0.11017803890204214,0.26132959306209336,889.976199960326
0.6761672099412798,0.4344436360860561,666.5669666638662
0.2212131009792273,0.7395865592363938,218.01985774822919
0.6846554032501154,0.3709360621812279,814.9241501883158
0.27218076088087506,0.22684328275915389,689.9742776789727
0.7879891420141257,0.6407453184082981,514.5798734134587
0.9344717149729419,0.41068215287145204,85.97410705788344
0.7964898720987367,0.5476939588507163,313.43809641534006
0.6397034457477073,0.28780012250428366,632.3149663575872
0.09233673119968189,0.8601851298859087,252.37488807803354
0.8300418732181567,0.08977943602936189,160.88042743752595
0.10870948308728845,0.5119955146405676,795.0741426970523
0.7545887782662792,0.07262320210112139,115.95990438800841
0.7898112213123467,0.08928650547509487,182.43905417414075
0.27549595577120967,0.24497618401057442,85.83210705637201
0.316789625075676,0.4726411581072819,541.4218217849105
0.33425453714064735,0.5038504122754482,672.7215205565934
0.6971927885065478,0.04576688351722524,624.2976072260797
0.7112144396846016,0.627543849721238,672.1278654725936
0.9399823206147071,0.47659545482220766,354.6663840016485
0.43135195905018997,0.41752427000756764,211.193689686917
0.2941819851578089,0.20464369943015426,561.7988579902097
0.03510403067312495,0.0395794904201906,932.9872861508726
0.6912456378176131,0.6453947961490443,42.83375287914504
0.08850261676331339,0.7870666738486795,484.1571521604761
0.14183917659640566,0.21412520085526443,952.3326230856129
0.46208754459165524,0.6678596279063798,923.7565497451504
0.1636940951551472,0.9177120109719885,998.1446632796943
0.3910325711989434,0.3181506881393078,100.56762800771912
0.46462604897689264,0.5397627211549733,356.28063161699333
0.18463540153553515,0.056655976665104024,616.5025134071758
0.5955438760063984,0.9284108229570807,216.18266681721175
0.8476240747423159,0.5947444471100396,574.8161220059392
0.1179494578560577,0.6811296664992283,753.4332875656312
0.9652931318052039,0.3860975303566939,345.10327829485163
0.410223272399887,0.5250149407174614,42.05344699793167
0.5094445047468537,0.11540216769536149,169.4076812973543
0.7234946091901423,0.27952737160626906,498.88975661170673
0.9297164640721941,0.10835636484652678,955.3171452520606
0.45121699332390075,0.2716769279596838,909.3795650310525
0.4349014658450683,0.5229149944860998,416.4195646727078
0.8280864157839428,0.9790606057226384,706.2625347420599
0.05908013764470821,0.5511160945121057,691.9675253685057
0.3970245164290279,0.6128320062501634,785.7438638619512
0.43881714696334173,0.8358862626197994,814.5969733721381
0.5095194836293697,0.618743677944341,81.53613516622471
0.09025927044673432,0.1291743375258474,519.0097604896924
0.755480655696589,0.20585512618923918,346.0930876044503
0.7198644532715093,0.3826183429021486,375.9431348254356
0.08147519224781086,0.39528400817857845,504.5163085629647
0.7621224575572834,0.20332996085621013,367.2088509705687
0.1721486052496839,0.43095383371599894,226.18286115914654
0.3253119073769044,0.9252213077850239,845.2033515800669
0.2851103568803852,0.5616480188683419,674.8929286693027
0.3863811324193569,0.08499115497280418,394.5714817926791
0.8571531740324142,0.6920111286161307,491.5326378576772
0.9001851261511352,0.7591528508966477,419.3321621624928
0.6608864330116767,0.2706948113234712,292.9227148565203
0.7280318791529393,0.7520130206834369,680.867413248566
0.32833825694995566,0.024563867672614537,823.92765774097
0.5796481536413188,0.06920277045017742,478.2186906987864
0.25927994760826456,0.646599176773284,143.08969565619512
0.7109014646312319,0.7885067616967218,259.03559349431424
0.7918643217927198,0.41593670467290356,794.3303197756181
0.5927122467695694,0.4305129861142948,275.03727559299983
0.38965136327165684,0.0029274832344656776,506.1608411837959
0.32031011710703927,0.36025300363799595,492.89486390790125
0.09700157542809706,0.8310766071455734,907.504517746972
0.5197691505351996,0.23155696526788871,298.6737358173025
0.8375035585069946,0.42467288669670056,343.12204402202264
0.3866114779559463,0.38394260563021887,921.7978695465121
0.23737401247970957,0.03079977186981009,161.87633820461
0.72414097325321,0.08245068725601168,373.49093885808213
0.22926215403799344,0.15047064386978692,872.5772447673587
0.9818849801714804,0.8622554675504125,87.97363531600932
0.06854982894831474,0.7280337081627367,80.99822715699378
0.8432960241945966,0.35493835920218797,962.4234215761135
0.5719989258157809,0.44724727903473394,750.1035128780075
0.37394241696330266,0.25088758450066373,299.65154388700256
0.17627406668688228,0.7546031659426489,604.7739151181529
0.9756982069383087,0.181068755972421,888.8592153965761
0.6820259595416596,0.5743644788997194,377.2844508494735
0.775811217552461,0.8672221499056493,800.0916797402967
0.008868719434333205,0.4181046388021654,60.17717014739454
0.4544416275555918,0.46253388079458757,597.6722365957186
0.33000514283280613,0.05512799477035679,618.4725967891287
0.026029073958719562,0.7809814110716424,556.9835787488283
0.778149076172146,0.2153049806146069,382.95867586751166
0.007771171076523031,0.6541826488967509,394.49645440916845
0.0002715675031443876,0.5120611669963938,534.3729127564345
0.03305901715832238,0.7971303777825466,613.5079943318699
0.7051902097867933,0.22475174484736404,36.2938815388254
0.7352410377323877,0.28101237198817974,474.43468171893835
0.7506568201531834,0.0013900562299197228,524.0477312597511
0.6685643444042835,0.5859779577919381,75.87212594101922
0.7998858631419987,0.32853761014286387,663.7442543049849
0.2386925873880681,0.33709149487027945,628.2923009774819
0.2522762178522868,0.9776667069931675,365.7214193207682
0.8155305128574585,0.19825357583626835,372.8569729060379
0.5489554689836101,0.3972574312831689,777.8738389059847
0.4239046213774591,0.3861698976898228,565.0373149620444
0.035113065463330484,0.3182696108712112,110.46745638104827
0.8338187023884864,0.3590219268224326,882.6495839766375
0.5586248187945329,0.6115114475246018,581.0655741429531
0.2146919588820887,0.8294242183304098,69.21704555553244
0.8496334813086043,0.7185576674365908,55.694518478574984
0.14411276376071558,0.5103189336944218,946.9968752395614
0.6507813625942418,0.8027699835647047,144.0802077667679
0.07822681657718444,0.7764771839335166,100.73490125583484
0.25264035815021724,0.26729975342122714,895.1319557243943
0.3266568551040935,0.4113482021368138,210.842790422344
0.7808180079726766,0.6311631660512258,497.77496761785
0.66923529971433,0.05165721719415195,200.7855252873719
0.1824976087738126,0.6334705668626752,289.6232164820095
0.5541514490775632,0.1471523703956713,802.2114402194481
0.8062313825975435,0.8023527678639613,721.6902964397209
0.8377447000202651,0.2446474408473257,660.556452716835
0.9021876271899713,0.1520528442267427,171.3594460373229
0.6774572987270463,0.4287108839106778,477.7337356309199
0.24786212399487362,0.24627720322150326,532.8250848986779
0.5285724247972547,0.2802421777432217,68.59962713946754
0.3402942483683482,0.14411871562935885,639.6342562017705
0.9922914327252934,0.977420960909325,868.727901838251
0.2389966369820935,0.2903337872116243,712.2911427770706
0.8587819126076501,0.21771118812588008,294.0441105364191
0.3262577378865543,0.1948583776145849,895.8493866114694
0.02635574784116601,0.5812226134264853,666.2973661422892
0.527287045243564,0.33503412316811365,407.4045472544635
0.9527219561292537,0.44766105687215374,169.6721530784514
0.674127650776928,0.7293630907802333,102.42076937267508
0.35899255402665764,0.15169765184054396,361.09933983813545
0.033009464797889465,0.5666503976809586,350.8334449271515
0.6299832124223423,0.11674586508047735,889.2088305093683
0.5171330571567279,0.3828378957528874,848.5044295399024
0.11217227771719074,0.8020663021872514,723.708179071162
0.17127312142411166,0.07638918650070214,840.3850305677802
0.049349573378576816,0.520805148309099,71.44121082801746
0.47688298501935056,0.577026273634696,915.7975320499075
0.8044380347269237,0.4767069669110364,572.7973535387999
0.8427522753163068,0.6082889198544674,558.295778842665
0.3914713444213199,0.28767728468277987,32.05352965285135
0.2990718564643141,0.19800898566340874,879.006910826689
0.7206231315624795,0.7772737914230313,599.1372258122759
0.8885882556107212,0.3476909824852892,793.0935115437017
0.8137057234247498,0.41027118677757723,619.5707752161799
0.2927105840690859,0.31096945196393266,897.5349198928488
0.5741977752087025,0.4462795851677229,58.62684436467569
0.789685296779752,0.48915915559852496,367.78753552667644
0.35373232896568685,0.5049955689779828,581.9332708971397
0.16800491390438155,0.27414694215432633,448.9437586126702
0.46227535907766204,0.30761091419151965,534.2386246832153
0.4731578242845904,0.7053346730783788,252.93178172866638
0.5682603108881935,0.4115945668222486,266.2059831099591
0.4448709774301767,0.4063841010934386,76.83179603720825
0.7761703794764676,0.8775815278433644,636.3316876327375
0.04978890566091321,0.9125431995679644,601.064743857539
0.1261081623953858,0.8822569880611374,997.0306827971467
0.4017682905312755,0.8558692280473593,537.859806963085
0.5559582714031067,0.4334319227012646,448.47747152397767
0.6153126351645967,0.9890981210752956,260.12595561897376
0.9977825613178954,0.35826168471864805,749.7223214814131
0.3814121222450001,0.2012160062688192,545.4829466888757
0.40269687737157267,0.3065370844779328,197.67779560149955
0.5356007738664738,0.04862570759121887,4.334710193692137
0.8668214753325886,0.41605207337185146,695.098440756176
0.44552419447714897,0.48458258978534696,104.00333382060923
0.8139060293173418,0.724841438947616,772.7923619608129
0.30642892144390543,0.2990072106749849,582.0242264137452
0.27497426077692,0.11649784235248606,506.82668303646074
0.4811926193172219,0.49036091219506306,54.119345916266326
0.9034401781781418,0.0915979290981005,258.2536462185937
0.5143528539680431,0.8783667089111937,891.2160743193249
0.9921324599838378,0.37647916093805867,121.44371032872192
0.3313621790464457,0.2820151785768248,819.0798141367549
0.42211310265552426,0.4532241810732788,926.838942858483
0.8335444109868789,0.26726432939458356,776.7423778834574
0.9345186330393321,0.9176300357369457,349.56233353945476
0.7671534715293943,0.7161411580037838,793.7852002723724
0.021106705137944437,0.3947431207224614,142.85755438369975
0.29575578422766957,0.8634426678167432,304.5888668018638
0.7698495443067458,0.2473326701105456,251.93607179115963
0.6085067046929762,0.2950783174543803,650.6037194074577
0.20915622219789987,0.726290568298376,357.6713650139588
0.1853185845902624,0.7718821246708987,902.2320690353577
0.350125707407306,0.28505175471788646,103.727217328762
0.8599854592779771,0.5553799804256067,148.37272455136196
0.7036429180943141,0.01994146217554138,732.8006893993319
0.534887222664762,0.18665273495489787,546.9241818904587
0.8806332174066097,0.6314716151352453,594.3500202493694
0.7784290348297516,0.7974214523146997,812.6354964915378
0.10478834029779371,0.5042658194336935,206.19493877609517
0.5541013482751314,0.5241538306372971,296.4300273006051
0.7916780218420133,0.4704694282145193,252.69164840296256
0.6279703739399551,0.1339224739672642,798.9919512677936
0.8593609163626706,0.599081637985531,999.8558494976728
0.38287365238437066,0.2412183118178366,319.7623112582183
0.6579648459863324,0.6858442431661482,432.67429656260015
0.7139006174393766,0.07853627805139407,253.63227089254613
0.6374112062555277,0.522530207568293,939.2721390248823
0.5528150100695497,0.8381926003426771,78.32362775733948
0.9534963273491357,0.730878027835064,922.8905797480918
0.21913610778093195,0.9162780578649029,197.04391477550686
0.6323452894730073,0.16522410800289378,893.9357792891201
0.84489289951157,0.7021887056357833,126.29984201783596
0.7049016318522277,0.9966212621011022,6.628037295563383
0.3208941867459889,0.23768961312388626,153.83922947828853
0.3627634350098444,0.5966351352921597,952.8677354258574
0.35037808111920343,0.8843696238900305,361.23626379388594
0.18250147990207743,0.8804732666220487,443.1475281526822
0.8876695411914575,0.7996388571934592,755.5795428750298
0.45589634308035654,0.43910051040927556,629.1328880409307
0.9482126310941278,0.8447507213072559,5.782638176050625
0.06143902032311421,0.4023464668654485,986.5947591084965
0.002417569938341746,0.9210210289473909,89.64531209849036
0.43947768452513425,0.14440207735379662,931.1045786849344
0.32983893667814335,0.7144333970480896,515.3091237020279
0.9624633067311681,0.4255752695058972,974.0831152907956
0.7970769932507453,0.948867480008555,681.6258841885905
0.8574211490481546,0.4722950810462133,385.4477699786842
0.14036957864675748,0.39525491912025856,272.2054236789384
0.2910908909852956,0.7426225317604808,966.5008952418019
0.7394957202170532,0.04936006443106977,424.0664381538498
0.903911000980035,0.7551797905327401,973.4435367616354
0.860226234579235,0.24732680520689798,776.2093427166975
0.31568781056859707,0.17921477812654085,194.39111674685682
0.8339791924823209,0.0888720372024524,138.2083792382638
0.5226113947072041,0.5087793456273773,977.1516158866759
0.8389388207745228,0.018971390456125503,503.02139037985427
0.6154537165679337,0.3123321188094176,832.2876849772193
0.4840268594604481,0.3410247603654143,396.0883524418967
0.04604462801000864,0.668775668913498,797.5768745773303
0.25879462993607316,0.5359370964658638,295.14777360417446
0.6527653574426661,0.49140609816153136,224.17860308535055
0.06766321148682808,0.6637144857624513,241.21736028473728
0.7919297243786787,0.7178868740621778,426.5399367975892
0.9663769179515775,0.7747047078315094,931.8134934252049
0.9492728020582349,0.21747354912869854,408.7001989027933
0.050891577964692236,0.3238958521207308,706.678049535591
0.6004062162832828,0.6288709472600904,536.460504856735
0.8631753796286499,0.3104493991836351,783.1465608563198
0.18804291663236083,0.1349651801664833,117.53428336562067
0.9260928594538774,0.004652594372932084,390.6017508375652
0.2699917097671525,0.20992671909933736,171.61758376578118
0.1020275548935824,0.9461896536202058,483.9323550931125
0.631249592687964,0.7222101206193111,232.146446541452
0.1667033854003913,0.3241604716586388,869.3107507357522
0.7283287803735959,0.3385848169542065,596.3617922758592
0.5968765657648242,0.29464215910069347,325.4057981370984
0.07959631279284485,0.28732596995995474,194.353324543046
0.5273880435472393,0.5840159110242433,393.79979407645413
0.9467467399577854,0.31225767755762757,911.7309121188134
0.6200218862001269,0.15021261152597432,636.082699531587
0.44642178455079395,0.7092754927101383,670.8650206105066
0.5446733762407638,0.402552533693616,672.8274610836542
0.28251120577879385,0.3851632400517089,343.86434188861614
0.007592588890481533,0.03621427716529113,253.36964754292745
0.20165231180720244,0.8076910961362593,536.4691716649811
0.1887514214269992,0.9444614326530552,421.43824028789646
0.3560815270390515,0.258031654871251,543.9939241764556
0.22744097477312153,0.573763718397293,511.40485216273726
0.25681057521216544,0.10242389301855181,453.8396895527785
0.4157581015347427,0.5814360528617244,839.8215447239845
0.4135054568902855,0.7409734307325915,120.61000235863528
0.6452333738280392,0.42867148345493544,41.18788220054314
0.8597451289910557,0.21439784212755486,728.6242632180372
0.5086208135879414,0.48827672001434785,731.9086695032063
0.5958440279274092,0.03828140132992419,761.5083856951373
0.09741832439424525,0.4778734931199863,650.6051851501359
0.7470423441310527,0.14126327629842617,452.2044431748138
0.896155029670935,0.294586888909665,890.721137793878
0.18544408475628948,0.10825626071095962,71.5460751338487
0.4307179040814727,0.43606920833448115,286.3199578961467
0.7105155548500705,0.2952690233706088,731.7336779173166
0.7477306797270518,0.4152044484227577,944.6450469659633
0.4326103419163194,0.5644113889350862,56.23220817684182
0.07069003961929454,0.4742037073344403,475.96718280599526
0.3179506517614714,0.050629630775976264,372.5087221951846
0.46732916550681314,0.9759080244350523,962.3264928901201
0.968103340074538,0.5333565226376796,487.68446035708735
0.4675385457083895,0.588464122258689,415.77154384545014
0.35134110122607276,0.3682980517654386,816.1064256126439
0.2189718859719898,0.23408179559059206,912.920861057395
0.6258255444682662,0.8307032889515349,668.9550806355792
0.2993491937429815,0.025749631951588192,788.698652343259
0.10235652162127362,0.15776972399240619,479.0272901248329
0.09495313585281562,0.49274417513795776,632.3937054588002
0.5663541230981836,0.33030401444071,553.7039708442751
0.8338922685447604,0.628154470657222,64.6031754277543
0.11645589220572994,0.7469357315293348,298.4194731040417
0.47449861772955526,0.785513736846397,931.1823763613721
0.732097594162304,0.3864693472914573,50.44805522957585
0.8892220026127232,0.29502773642572355,597.0925359667208
0.066418246440206,0.8156690315820081,388.082369312337
0.2365122990581896,0.9829126177825,368.80306717410195
0.2536894463911016,0.4082856801474978,839.9829736861791
0.8934289422706247,0.12899811591642962,41.50360889040194
0.9613800389505738,0.6500769910125019,574.295424185315
0.0864599153435508,0.5053939771950442,860.0933546130742
0.9521321032488769,0.9973260800460371,746.3881159215888
0.18856888275788652,0.5151722231110709,416.69670762899904
0.6044040814113513,0.4336871489084526,768.9579018790827
0.8487235114888027,0.17045177089252672,739.7594029605809
0.6400211558992033,0.6283109859418017,873.3988179659851
0.20994367435159744,0.5277710515242645,717.3637522703514
0.4794831162101171,0.8128581377108576,812.281699433031
0.23907195957844107,0.8454597608483198,742.1400747739979
0.7713511264871522,0.018227649389366496,565.1951890255864
0.2535998756017658,0.6294723212119636,779.3791671370906
0.8069660631918344,0.18181930028355675,581.1848399209026
0.2949841792914575,0.06516661920874356,924.1843040775333
0.05221880681806579,0.55670190454353,557.9660792270123
0.7584453628299099,0.8270748404287226,10.485609038988098
0.40622545825751566,0.46352889997449187,918.71916287283
0.53148556097774,0.7002057329475403,856.3940040655048
0.9894815076492667,0.9323369657458525,110.49980192003517
0.5568029158136157,0.5445073162484946,436.27224811008324
0.3552342597358876,0.012222032578554809,778.6979950789754
0.6395870612402542,0.6798289595307749,395.0123746750175
0.3823075489467771,0.20114777107140136,825.5298222242978
0.7893372613733337,0.5723104618042691,50.97966081762917
0.4259933214706535,0.03058339721359038,309.78542992341573
0.5778604948993367,0.20412311756387824,594.0254251088764
0.4428673560774914,0.688590883961732,844.1981791374648
0.6083128865474879,0.8764971306199817,241.7096634737993
0.9743541007109777,0.3817850362847891,151.63495994842657
0.8088390544463117,0.7245044921949229,741.44086618853
0.9103882747142813,0.4960568168850856,789.7671557855455
0.3049559213342443,0.7448253280035154,300.09823657529057
0.4420326595165315,0.457948767477669,105.49331933864703
0.6700790686145232,0.40974210056299964,676.5081375399509
0.9593145347928983,0.579330421745371,350.5728983537265
0.6501247849219245,0.8796877412025167,152.8188044021148
0.007805367668573093,0.28227888646666466,788.1678732138841
0.821362429058689,0.7760930341554872,406.26971528080867
0.6746359138428291,0.9337768858422383,180.2068191796674
0.5717647697531458,0.12239697338013644,842.8807682572907
0.21214832405566553,0.7846644466792188,738.7366401245891
0.7834761433375577,0.16633398529199916,709.2347715569297
0.937546470953944,0.7992583627142466,713.5341296770328
0.3278571596192025,0.16446501362558563,87.02250064934947
0.744643541837328,0.05839076052169068,369.3236341676146
0.0572605683037124,0.10655779598005166,277.7255512111845
0.27387971316917503,0.1537041832097258,242.37053256284403
0.2947689524607391,0.11640078477632065,348.89218718818404
0.36440792182204573,0.006894400694991254,922.8568634160166
0.08054539106510039,0.3533383252858808,526.7270716459037
0.8885952049573085,0.9760978930359714,603.9044648898423
0.5862569791217505,0.20340332560580865,561.264592292484
0.8564343279477462,0.1754792114177698,876.032956812074
0.9769422015966909,0.15908353683387433,441.6488297132836
0.9390922764844888,0.5489462372508727,290.1452922376385
0.9292808736887938,0.8397802332520419,195.72117114566322
0.4050188020968295,0.34113022674965787,934.1048220662386
0.18300079894331944,0.5205946515690303,41.14719067061412
0.6490456948533543,0.9606610399832416,145.65393871344313
0.21340931114367012,0.7834016101323958,671.6290118901172
0.21825488724399045,0.5380944178680471,337.59037694531725
0.41292460190587876,0.05999521401822405,872.082528915669
0.3109313760577035,0.8328746766218286,471.7860317524586
0.15253809014039632,0.8693054516711567,843.1584821843437
0.4923976808263314,0.832430118411973,917.1039645121112
0.7739313160501269,0.35011448520633537,521.2367491598196
0.7190090888838842,0.5752776519477287,733.5637493295836
0.9729921796277102,0.2877357691661039,934.8483231839414
0.5322758473230579,0.6210481719071523,175.40008877043155
0.5946906762238391,0.6023649844865285,693.7980107560509
0.43089709118342945,0.07714802229423601,892.8882084558156
0.37791760145026665,0.303778681880842,145.46390249059027
0.47146138982804875,0.2568880461646199,248.21805645161766
0.3498810704906642,0.149291561506531,824.9058331212062
0.6811087625188424,0.31481592150411164,754.019055292423
0.4737764519299843,0.0028543410388808255,652.3775585535728
0.6292999267079605,0.8371768157491609,647.2339300196253
0.360350522142738,0.48368252747529106,638.5699882426507
0.6761748080583461,0.548974667380483,400.5965214892067
0.0894967867033668,0.22157120222952964,932.4765115159898
0.8760708853232169,0.2746925669519845,501.2599990831852
0.5577399494643744,0.12873421344952163,855.9462243193032
0.5061901242998359,0.5160023642070545,239.22914803864825
0.8863362544802545,0.4353442208632837,975.8722272996156
0.9305618779199806,0.9035877318575365,799.247444271067
0.8078734365922071,0.015542665568128555,793.6391371604118
0.8248162001225767,0.35130432979822857,123.34845699886266
0.26103336072698746,0.9289027656591436,206.69401708518743
0.4754237990429704,0.4141174979034824,411.0133154124711
0.3479851077580005,0.25497048470868755,458.505120784362
0.3820436186827152,0.29497316334109736,425.54362115283004
0.21583938906762345,0.9223386510782469,673.0273826335721
0.3132375112449066,0.44873739080760355,657.9905625702665
0.8668544176180532,0.4091841436682373,1.8204549750590049
0.7406563125265697,0.4997126242833867,422.4923948138287
0.4281576789268402,0.8043577626461311,9.277454058347455
0.8402267216863643,0.7275406271352073,90.31634839097103
0.6203309219430687,0.6746795739505804,394.19937963616246
0.022411632854648755,0.18879753733733418,59.09203913422467
0.6879787348723765,0.1602329933728398,555.4967959607026
0.5127592034398377,0.4522726922110867,404.6843919688008
0.9137190951693723,0.2958457409151922,299.10174200735884
0.1462230878882529,0.37302237925577075,850.752992402644
0.20552515526341597,0.8139666949987837,364.7485677252057
0.7762071593403391,0.6061167763869398,381.42050037595266
0.658211676428472,0.010302491669065605,362.576754755201
0.8172529264095039,0.7979240532070363,649.6161437521525
0.3339484701254408,0.09302052852507103,890.0366237204066
0.47268896171992125,0.36505128235594564,338.1852520361539
0.08366858358233631,0.009947129190480908,802.932073717357
0.2635980152686651,0.4759658930837586,553.3093998976119
0.07186368075745397,0.007766848414325622,638.8955629116041
0.12671538492760948,0.41731691807567195,996.0944635861481
0.3673485580418413,0.8541515037676304,790.512314939257
0.7256265147652067,0.31968119617512025,633.838129657498
0.577919043785914,0.4881421259527511,545.7544054676576
0.8079686032616229,0.518219465363265,831.5635563598453
0.5895336993612863,0.12199169049561076,493.81450709645526
0.4922640456954126,0.508319982996297,189.3965981976943
0.8990731350653125,0.6875674449861291,760.8858390084805
0.4995022495611432,0.8972486698784202,133.21603664027327
0.4109993232274899,0.25951779842394207,286.2152089007695
0.5260863945726497,0.9664179887216147,539.4286671539069
0.04147704104696592,0.9551153162555673,308.21106539482247
0.516532967060176,0.1830136212382929,813.7077523382575
0.19887592567487,0.698958225060116,844.5339028562502
0.34082441347184167,0.9494326514564891,394.33056685936066
0.0774442960326791,0.8316195621007376,76.0529349665634
0.86512154108118,0.030552866842197157,797.4688653547978
0.5346587338688363,0.08089305484129783,431.62333078838856
0.6177454084323653,0.9480052664634079,360.3161042908504
0.9792644041541506,0.4422577739369754,165.33102512602693
0.29560246457524986,0.5038974297262926,666.7209394325948
0.5649352053763619,0.913686849383064,156.2961791999503
0.6849792340583986,0.5172912147744648,307.24006498629507
0.9191416553400362,0.8480022681489913,411.1174913457105
0.44887565305011556,0.7228624462807547,232.18966338924773
0.4916825724120839,0.9359078466148447,489.8205848124253
0.23864510470189804,0.5472683927896312,359.8547908241572
0.013985813896228438,0.37234587325175217,329.6042506750677
0.5901471374416655,0.11144119633472882,203.17885873584373
0.8542787116064394,0.04096078269796766,900.8154470257958
0.014997537020157159,0.31439782528790994,986.6472174130485
0.23418450907511057,0.8169575950786336,499.74193413505486
0.5154970026273307,0.6606781227622159,385.06541337801593
0.9479357482249393,0.41908362327201476,974.0397563924179
0.6084556859865076,0.989629431744363,320.9405068556497
0.058603226100264805,0.6194521512147132,157.621144131713
0.0011591001083129937,0.9372618875613835,510.21751176054187
0.5467014199530177,0.35747750753814356,789.9567439568921
0.8616727604072082,0.09571922389031706,424.59689145141664
0.3023687312950992,0.7327268758344619,768.0411266761183
0.23898881941763528,0.06403693979637237,179.51022266228688
0.4685553186440644,0.9687155468678246,189.39000059553013
0.041557557858486915,0.8268417566231699,439.66297941715635
0.4515094440226951,0.8418291666719325,698.0371396172625
0.8362625867154534,0.8220405068709045,413.48356781616593
0.31024416889100837,0.2160676878080413,731.5972446649088
0.2276696597603558,0.36048901062761673,826.8657562272024
0.5404880733304398,0.944778219921856,888.730959287799
0.14587603241031843,0.7553790072947146,482.8555669140139
0.08949677460089289,0.14055558021338654,937.3742498652811
0.6147596667164977,0.2335648765747771,45.21200261109604
0.3612822442750605,0.7897579147375042,115.084533305018
0.8358992486314871,0.0854315189712258,86.89158425819043
0.15726428758563393,0.6722695603234762,475.96879612267276
0.7358877821427163,0.3179659483006432,899.6410854439524
0.6406023922458838,0.6803224654487248,291.0618362112831
0.6709432256304597,0.29172766290400287,802.0265939095249
0.40027114002712194,0.6421618023984466,875.5660473501133
0.9852680561648021,0.24270096725956414,588.0810090914287
0.9340058809833419,0.7760674627233689,320.802060411053
0.5680170932649949,0.6526568472148331,231.97724074461735
0.9615526692842338,0.3952229388811791,936.4580138179189
0.11918994920022585,0.817785477586864,377.99740202607313
0.027357543798289807,0.86700743676444,446.7385506679026
0.22937175276864985,0.12382890595132279,242.1470381673675
0.45244490735991094,0.7223615233612811,793.4555103288517
0.3619270850988189,0.18662646399979466,49.51199601002798
0.14470081629333542,0.40093113159177174,988.7082391332525
0.5737073464753061,0.5116412055972637,499.55914645428123
0.27133284328064733,0.08655793619220087,763.7308902311793
0.5210151341160681,0.8894846542831849,617.3535140618498
0.29495978631651665,0.6714984385405957,424.6479645906123
0.6458899841250417,0.7553085348472076,625.2930153087916
0.6536535846837301,0.3367760494556894,861.1263510919246
0.185498798255608,0.5441140019399098,240.31370359342884
0.8259598682303438,0.5397001409527525,429.02980490496935
0.018294312912394584,0.9614805684642846,439.9222913566134
0.09449535257053288,0.11983921906508221,685.8600166452384
0.4628905075030515,0.54849019658709,283.320179629315
0.3685466911036218,0.5620265724610486,451.36245318909084
0.8817687453420587,0.19475474757692002,459.7276084958072
0.6929802982409665,0.7574246904591051,140.41216249777156
0.651457048759847,0.003972602704035322,68.44648012405841
0.5274867255255795,0.4498099129221669,489.646788408209
0.16841671625637777,0.7035220414415635,948.4528386627151
0.35107934919851713,0.2369730783081846,638.5425455335902
0.02583945243204,0.41989580634156076,940.7037789571283
0.47911481373695397,0.23299374388403427,626.8839777736207
0.16542253502399784,0.12116705426379559,930.7412507640863
0.724833073730278,0.4286562142170799,70.86347762071232
0.4152651056674659,0.8951820696397169,922.8503364952624
0.6908766561970627,0.04842564451919118,855.4593798768724
0.22041392962576323,0.07278021685866332,90.87882766667698
0.0034734478606058827,0.15717497408308423,725.9176046734963
0.019620961437862516,0.19746950191918367,568.7561459558065
0.3226868950457866,0.034429681328217,848.9588501421171
0.3332284782615673,0.2263385583007851,220.27228488084583
0.6782475458862885,0.10227353860258914,352.69435512691297
0.8751983330358051,0.771191142065015,753.3481226200217
0.8726240875275378,0.7963517774759127,81.5091296096373
0.8129206857834496,0.4649282261564487,265.6135984708642
0.13430221239321194,0.39533717601651786,304.9276070572674
0.7950669623426541,0.7462632806612168,526.2059729422361
0.4018999852364884,0.30848178139623017,323.8115061696192
0.005282507384692048,0.03874809643340127,576.6939201468335
0.12150488110239743,0.8257145985852193,949.4973039661548
0.6885912850847347,0.5224393710329038,580.7047394783552
0.9772381362182407,0.5194582467563783,489.8787117482455
0.040295845701727506,0.43921624395026626,324.19393554869833
0.8320352308797886,0.36093553951378443,829.9868429973951
0.6630584127036262,0.9889558579182078,862.509853888567
0.7099341734196193,0.24299265871054287,892.8117803906807
0.5890799343236717,0.9963791476034393,304.89949663040386
0.8090443238051636,0.29604415939354856,3.210550317742311
0.7779844756125968,0.36684266653698205,282.6859720848883
0.09515521759742829,0.5298480130804921,157.90401392537512
0.45077586955468785,0.5165125451447004,948.8112554925149
0.8423815511851758,0.15244464774707678,367.8337076071472
0.09425518596284954,0.2861955330007212,746.6875251432712
0.060040713740436735,0.7945857235587669,273.56957451198303
0.2800281944471328,0.9524688536547414,740.8022785647163
0.12541651488738703,0.8807027894094335,821.7374696341079
0.46506273169170553,0.5913225588509428,743.8290523712732
0.4744086693753362,0.6309401341318149,40.495214247461945
0.09568101744110591,0.5034814024125925,290.94535296889035
0.4386314953298188,0.05343502716755211,947.2969143729712
0.38448850500513476,0.2673691584012877,872.7798548321053
0.5400793904222999,0.7872257540214493,369.8548388462778
0.7035297825152808,0.6157512539581708,404.81667504057674
0.19685475816133702,0.609490776277017,715.4278740906449
0.2582879832936673,0.2101498498978578,549.4093589295867
0.2272457667869192,0.007590465244351252,612.7018540059545
0.13043230123805571,0.37512003097416025,152.24094048208036
0.2800053543051392,0.2574175657278982,488.55107386792184
0.052740953850751615,0.8656682112734057,424.5090669279662
0.6015106951780205,0.31278340752688505,199.10571387737676
0.8427201312405666,0.32474776641608105,827.5258359831365
0.15673435450312745,0.41717239192811784,676.6155753743893
0.2016049047398717,0.6966463638480318,677.080629763317
0.42962172794355624,0.7424594775239877,951.3653100587903
0.5179270898639909,0.32085756130626986,435.8015004587391
0.5289511470896401,0.1394943961386903,234.6074092391346
0.41115122036822893,0.3320242212763128,938.0069907652979
0.746993655866063,0.6078470577680574,624.8308766990576
0.08051134183865982,0.18504118965415461,52.77251537524519
0.4723208240843775,0.5605029328741796,257.0085675281253
0.3865194116403531,0.5252572199522791,458.6351958824895
0.3105812297749637,0.7651526883580835,634.6513441744364
0.1435079215002898,0.39546944276180473,278.1094579914167
0.9411700348297569,0.7866302479655957,877.6580837279597
0.23640823203632644,0.4142761674303589,35.20791334209794
0.3039178449875424,0.10088739761509846,285.9575298378655
0.16918645382861075,0.40450930175370947,861.8620699615808
0.3902074368357451,0.4144935386759814,808.6749174892759
0.370327062773665,0.031217812320141425,218.80276250429574
0.9628087545449312,0.9404426085980973,423.04391866793367
0.7165243969079333,0.5879974178637245,747.7267842809352
0.5060780758663882,0.44750191396863137,466.865024958097
0.730170358043189,0.012579568153156528,454.8171417123302
0.38159329189494684,0.8610217706472061,696.0773269228499
0.4013323355274636,0.003525935718717066,440.98494635712626
0.3216492459526602,0.5409549193786306,806.3957046019491
0.5117530052899405,0.11282170249813739,480.4560389821343
0.03618913787022826,0.3563714349926601,464.778017766085
0.17500194514103884,0.2576034972526082,674.0964127243122
0.8283690700837649,0.3229130732975163,921.7333746854416
0.33237278346979415,0.5295410095834593,138.64004812561225
0.8246338110079733,0.6913811972279086,133.55915931104977
0.8059850682929743,0.32339808403058057,645.1732384286782
0.328091460967335,0.9192191176266531,431.1798762528364
0.5116373676422559,0.8967974732065056,839.8816148037128
0.3655595787182194,0.13583328010949602,49.48075932696161
0.8919639443194821,0.7543397850312823,836.9333744101003
0.09762845939081155,0.4973840260241811,843.9372536617069
0.804108031656239,0.7184424103918283,57.63739467386464
0.11719250876903142,0.8552166515034231,253.6674432114352
0.6998381164439692,0.8468953679214196,954.2189504530538
0.3395571545156709,0.28107881420161973,579.1741201127626
0.35730844691428776,0.5945817401594186,980.3192075725731
0.36398154147930606,0.6200986652888979,642.7638399655127
