"r","C","d","g","l"
97.6522196653908,5252.37862381496,51.1004695317004,89.7774877284461,92.2895934683806
87.992285230778,4853.1534877736,14.4455895539566,19.2775544302378,2.79494378031329
66.6561975498891,5581.71939314288,88.3981848535646,116.151138651985,62.2285609054964
99.6407374485101,4293.96519580501,88.4611746973648,96.6890065398331,41.0251368681762
65.8254664191271,5375.58023029023,89.9931735968171,112.584957562776,44.5024765544853
82.5442136833436,5787.26466087416,166.157336643833,187.795098773991,13.0295231620963
99.833288416924,4334.44537794326,28.1623949733978,48.6886942962297,50.0616175265027
98.4415708989014,3037.591309943,68.2951621912405,64.2427161267225,95.2260872017141
79.8002982271514,4998.49760385405,36.4122380525213,23.2976832494415,17.0025594028792
72.6701689740632,5649.98770207107,97.5876721747303,101.42164468153,39.8388004688337
71.7291129271629,3929.51158232484,147.388993671842,120.060742858247,63.7325692067663
67.6610953031126,5365.06236156751,31.0439177796093,41.4739112925189,68.5867692245936
75.5511254394506,3058.73286310035,31.653679116621,43.8678701693465,35.980287445746
93.97753126559,4083.97190912304,111.42622997045,175.983552394802,87.7412217704765
78.3036488759236,5820.98999730449,190.292445221177,154.239008455703,35.2074759433357
65.3618945592488,5264.49387963273,112.197814389864,168.591927740053,83.4676236058277
92.4734973288578,4120.57408715585,122.949034125637,193.213511831223,61.8906612836511
92.8460796180145,2891.20834888223,132.737487773504,71.4399187936222,33.9630336097846
92.488966689097,2307.5254687493,36.6698169157193,24.1111304543715,39.4083105541911
89.5332542366388,4071.52758326329,141.257975428519,91.0905853211511,4.08345201173886
86.2256072271444,4998.52478683301,40.0571699989707,66.5212308597788,36.515327580657
98.3187142400054,4043.52919991456,124.84792326376,26.2274714546078,26.7046620218734
73.4190015735459,3453.65790216272,193.314616374541,160.719122494705,62.4187695384306
83.5321481237623,5626.03787361083,91.2674208561945,106.946694246473,9.43882678612268
88.6336960373467,3919.65323670019,39.4401262718128,53.088220935862,85.308829684287
77.1244363819442,3085.652581606,59.2785983455713,60.4465818023051,23.8723751767589
98.5297356388264,3599.82432372949,62.171484857022,109.772889578427,47.83437253314
92.187242605711,3553.52235658389,96.7346052256874,187.571537124896,18.2085431685071
79.5999874929426,5115.91049425988,187.850301797004,165.377289076447,52.5698076946739
64.5742890887084,3766.83602959427,129.106656023344,180.370242717911,20.8396205524371
92.2555678444351,4474.8682735424,94.4705461116679,54.4577609673641,67.7576559226901
97.8941466395004,2405.16030073011,145.071125750149,150.250590239913,47.6766228651298
84.823016179513,5222.40102972356,98.3776265430605,181.818531614322,14.4747694590038
98.864631916779,2212.86834759559,60.5353223970968,67.7929876115968,70.5543784708971
92.145726452654,4243.20633187585,86.9549656078762,127.495893246994,38.0080628281023
83.3269364138373,3452.2391637009,89.6081665743838,157.463437716336,34.1662176377068
93.090138514002,4257.17483123121,82.7808878189942,182.828531212251,37.6753293454442
97.9376750893743,3184.67895975644,189.280186365191,136.267283043963,74.9334881203601
84.7101849055194,2702.46626462624,91.374746062082,66.2714787566726,94.6149964567183
96.6257275301617,2986.3760525282,142.504003669329,159.64608523701,52.7934093391771
91.3804840999285,3941.68440435789,77.6936550455355,142.015949255628,13.7757850807122
97.7067913482461,5818.16813167626,67.6683444080445,62.3571639364329,2.76627650879182
81.2901783304189,4490.41977338663,109.280523990129,68.1604490935275,46.0727335057953
79.4182429496652,5922.01129644605,182.305540192768,175.145959331738,77.4869379556203
92.7048177491413,4351.61001587633,195.136311824981,73.6560699237656,57.7438684319136
71.0376055966183,5031.87496788567,74.7734435165479,80.2786664136133,44.9729035115622
93.8727471320032,3141.7459520705,97.5431151541341,170.431328024882,61.5882330592912
77.9624486154386,2531.22357989068,154.954313436872,161.487416647464,23.5618614197707
75.07248545058,5082.83512788585,169.970851562204,187.037049886935,29.2063219893188
73.5227833500688,5461.28462742716,136.061142345126,195.258305505088,72.8748747865034
93.2711002958214,4148.14889449975,175.024179062813,82.1857259659169,97.7379609600255
97.6663513322829,5638.8641255637,121.558799001209,30.2431510723139,20.4705622316134
71.2128177695596,5992.34183887185,26.4084197187217,47.0616528708078,67.6294281776009
95.0194160968155,5127.65512907697,89.4611555994303,190.835550962667,60.8304955707672
98.5482134425846,2853.95672699041,120.602196261579,176.581844988983,17.9325902549701
80.99506988739,5610.63238536276,99.1885360731314,97.5203881143222,67.3143863770546
83.0758672055044,2842.46442588805,138.371485877845,161.051167589529,48.6336912907359
96.4393822716995,5624.94987225849,68.4561299145862,24.2448571624538,89.24364232982
82.8420938783455,4764.45741346272,64.6248142982278,51.5939520768686,85.7543628326064
75.6050815754237,4483.88532401252,51.7345213794104,60.4755570266666,46.1013898575602
95.3723546856199,5591.72152915925,136.602423434915,199.286409767944,91.2114512982394
93.8070415495347,3884.41067909762,112.303214215457,165.00255349803,93.8138106070042
66.6877445136781,3782.30151946627,83.7585936625925,118.369098263507,52.7665068772774
87.8041819281806,5358.1317194019,79.8029215068109,103.166026765372,28.863135226207
94.9239202223661,4716.32367558669,126.858197702213,43.1827867783186,9.06372995630103
89.6672064630266,4460.99556304679,113.426467087051,181.849159084173,13.2083121510402
71.1583278215798,3240.45144766893,59.0929155131631,80.1669828194968,59.4277049150857
78.3079754047931,4747.16720530083,133.373441834859,147.52947813811,54.6854965940619
98.4590164335155,2417.49553960726,173.368440968831,160.033450809763,10.3864763977715
90.3023207767128,3734.83397062995,43.7834885187833,42.9987630023953,9.01530807670525
94.6523537261853,2341.96565466208,140.143732947506,88.2233528167609,62.3432195374869
67.8745351610713,3612.54241420161,160.572836126236,178.849668868988,73.1856051225451
99.0713954496082,5520.31059661522,131.341656049728,146.096700981984,89.4263653182485
73.888245028992,5036.93072374016,48.3522277998886,48.7766969868804,83.9248126513795
90.9808317968652,3738.90824282843,153.500155547641,167.208605127034,56.4842840280826
68.146502353524,3506.7427373497,180.531754162536,190.510035388192,1.93434299929638
91.2426885433912,5759.33970765738,154.374716468374,68.4975410894231,96.8310156841576
88.9658024439558,3566.17319275719,76.9423138303685,36.9226762226123,38.0622960671317
64.9303041093758,5445.74957241209,74.6117864000265,93.9282896132405,88.5436389915521
84.1294129332336,3886.94941217207,157.257334269473,151.835230950203,88.071749299315
88.1617872201725,2645.66777816482,24.4091422111033,37.3001307317585,2.71914823618547
73.8709626850114,4838.36092506048,69.0732337823679,47.9824814839187,88.2807345818214
87.0887584706679,4261.69832922361,44.2838666173733,47.2632898801855,53.2784438106867
58.9322809178416,5044.31170695853,134.700506832615,167.058752484438,60.2308454943678
83.1875509813918,2782.88026383126,146.5172522251,173.039343181575,65.2764489620816
86.6092511245106,5686.59009547223,99.4595108664544,128.678669721857,82.9549824063238
90.4028252266319,5716.41637175684,103.344220236781,47.7440583360764,11.2422269907683
93.535870911591,3994.81745295274,162.953528203846,171.523859092026,50.6347462381803
92.0165193846999,3393.42578519894,59.255340696804,44.1045930703998,47.368850595697
80.4339141223939,5837.16836109083,84.1461590245369,101.418957303777,39.9062738545624
92.281716933776,4474.50665610316,101.344707772997,122.807195661333,76.2020345011661
82.9708182825544,2486.30705293079,73.1557893567728,59.4385632309646,97.1951899633874
89.3223433217843,3957.4101860964,14.5943295486785,13.6778063648342,21.4720255680595
91.6846472040998,5319.35582156899,89.235853161909,54.046387748711,14.9460744902418
75.0041919149393,4938.22536900427,67.7261899581755,84.5970216980624,74.3492867288994
94.4338495157987,4719.99964671208,86.5382429317,189.160723456282,10.4902801397518
77.2625275935758,3147.04178776236,116.684164074321,141.764250922241,70.4894698775575
78.6503636819254,3054.23262721868,40.0554874978357,33.3434571280235,57.6867113523781
98.0423327595241,4620.9439097802,162.062100571794,155.19667347891,32.3169659105065
93.3794282200795,5875.53389023781,180.078910508755,113.157175999529,67.9414271379052
89.988033200966,2470.77655673994,89.1400965007814,121.104177029028,80.479335417916
96.3440042080481,3136.20852896277,111.560281243301,194.400380972838,15.2092526855122
62.3544404881829,5279.41729899468,133.550058954724,168.090063778854,24.7352617259359
93.3956334733152,4990.50313747131,107.988773724219,162.714621521682,91.998716460601
85.0753983327846,5695.44401896474,35.1105392393638,15.3332646983487,82.1665281080771
81.932840536542,4440.15756751242,93.2511539585516,88.546635496826,74.6815206501542
72.482830336813,5181.37308436576,176.499944208653,188.030040808313,29.1294752614552
74.1231585041659,3249.2791742203,115.903780590507,164.405053527619,23.309993158697
96.9291151066674,3583.06972269865,160.34380543337,153.099237391875,5.75901399694203
92.4642528678907,2584.17578775169,52.1349338998707,60.8443307139959,68.621799431315
82.2153547145179,2248.1791234159,27.959944165933,42.6750421019757,16.1416191315183
76.2325789848986,5696.06080250364,167.368216674679,169.934129271027,86.8350762911113
72.1581947164621,5692.00863408339,105.959911107007,115.680679587084,23.8173903837336
88.3778320574642,2030.36061379011,140.788839272009,148.009451097568,82.0799589783957
68.0790897821427,5707.81991589501,56.4390367831382,132.587704074858,55.3600811603472
77.700321566981,3247.17853297785,76.923008968119,137.737001740443,44.0870779530449
66.0141623112014,4168.25145832177,118.135709136079,174.628999147292,30.2309506930452
93.2851893740519,2970.9364918421,108.170542226749,78.3178121852933,32.4209106081512
82.9372570216073,4184.39499180628,72.3355950503153,124.56610647816,51.251650647633
96.835770599274,5314.88070578668,33.1538946693787,79.2857431851874,35.21197788658
78.1247517021718,4981.33085414693,120.748622278616,97.7297051925628,65.9389032154396
62.5456606714049,4442.57145213309,55.54043346653,84.7509893400608,65.107051103533
95.0487033029623,2320.93058660477,176.250776507464,115.17471980847,74.5947872584621
98.921186938022,2054.70231952567,71.1465606609091,93.4788574803626,36.3319826550454
77.8106355045019,5622.15851443097,81.7391633006618,158.430875868914,91.8977169307483
99.8035967696803,3821.66713893105,31.1544940078479,40.7707457750372,27.1201147331525
94.8208772463124,4672.80964598628,29.0140208641338,26.3186784173094,29.7007291510376
85.1492165552073,5109.58198825667,18.9018035965448,27.6405927274011,60.2607530080979
85.8793131440871,3511.56657408128,131.753767404189,151.456499170966,99.0233896571016
85.7603772936758,2234.31574011633,111.562439772763,121.185116347043,36.1087367291812
77.879368068536,5592.85893950487,155.889214121959,141.888793258199,49.3728976263056
81.1483422007773,2424.74973372834,115.046014518144,143.778343178307,54.0454154086279
62.5356234937929,5395.97925738517,66.4337279664388,99.5974543218665,14.9784514987834
61.8670707540705,5387.03948923019,76.5780454541634,145.699287801388,86.2854335544938
91.8248108623458,5705.75490356354,178.412155189954,84.4092001668442,91.1581660291267
69.5613026935493,4921.57464769844,102.606142623834,125.293648408279,31.3605972107977
99.0434927820104,3606.35340170039,71.9472514279253,93.7451861556617,52.8698389043979
93.82257761883,5254.35259237544,95.848386244258,70.6542405255796,19.4394025122539
94.3723471388333,5745.99162865576,47.3498175038868,23.2557475816448,37.9396666647313
82.2358653534809,4392.22838184412,141.276061817636,81.1653096227405,31.3008967825743
68.4259466356358,5343.79600070174,174.63011564083,186.529346817896,47.8546599042657
74.1624440440881,3696.3119257318,118.207901977991,191.158135214563,75.8323144989702
79.5408800594749,4989.76003864549,178.81856791914,106.652339577136,70.9192728719876
82.2161067730631,5648.5717727111,159.276883522652,109.506693277367,25.0177857485406
66.5826042960821,5830.52766992472,125.251486448643,145.40433098448,9.22312883352444
93.3421485572744,4790.1300653692,170.81848125212,63.8918324216504,25.5817557879257
98.9414686076868,3517.77517811797,155.718144580809,165.293110551072,20.0964388433796
84.3017888780851,3971.49297969196,69.3028154245079,47.2032989129159,63.8837263685738
87.6206348215444,2350.15484547061,120.833521008811,118.764693418065,20.8099344606377
75.1045669939485,3830.34737191914,77.5413663833412,143.334327686238,86.999433063805
98.0723893760138,4851.38573383173,158.323374550152,117.131344455136,68.4334330241876
73.2370418307615,4245.95549729623,62.3343872736563,114.246540648928,42.7640438493291
70.1649344032645,3685.00382627379,125.536159450542,150.5415048007,22.1094867569617
70.5259887023144,5045.87533710107,2.60877127843546,3.70618703376663,69.8835265754492
96.6216214109904,2324.61524114943,91.3748738029911,56.0777321628221,97.9016818489811
99.9043294911041,5508.46484344469,140.141862935505,139.344817996892,45.4838391801232
94.3873750051423,3350.4846226193,101.259407286755,63.8479069702711,81.546310122924
85.9513834403799,4375.25811327009,90.2409674693181,124.597382614216,55.3015471204561
94.4664462168284,5660.71222313404,177.936199234968,69.6508961965764,44.5314882523602
80.4285529286226,4170.30604216821,166.90336157612,135.459616427915,58.3438060308601
79.131656751359,3322.27161131625,11.7609418985145,19.5281472047452,27.6078224029933
92.0541966502259,2127.77727646233,105.682054382252,111.644070939619,86.1213623485698
97.6317203074223,2276.95936025296,143.494687146017,110.566513266143,99.9828338166239
67.2073716583739,5296.64510272028,38.7806269245619,74.6045402888545,41.5571578184375
57.253911655446,5811.27881113114,59.0306076028772,91.3549029458826,69.1323460166075
91.1966655516314,4700.21693749473,56.749668479881,130.589411520538,54.4802031439001
96.5544131070184,4736.2068372618,167.574117876686,74.5759567198807,83.4899869181482
92.2074400749634,2104.10037093164,34.3120753897614,55.8865318220106,42.3575937905362
94.7473359548594,3005.79097778642,58.1630957377897,51.6043947687638,68.2425030819565
80.7436883001791,4325.98275314188,79.5947075781178,182.568617567716,60.9670495255086
88.2306959305389,3252.19460401136,194.082683586794,172.581797717142,21.829679029638
93.2779702586396,4609.63505827917,28.226169471639,30.9542031198447,32.8532427253175
77.0234594328049,3122.3872915042,105.589010674859,166.022907152252,60.7686939857916
94.1777876416873,4272.71561970116,65.2304043872105,77.982693246659,88.3132124060266
96.4951936544386,2459.20116419761,186.067885540919,92.604709945335,77.2324768926325
91.7196407559293,5149.87292447443,155.992794485181,122.147952027566,43.4083596884423
99.595189351728,2772.22526018109,190.709648883344,191.664987418874,61.2490318443658
98.5300206176807,3887.92712629979,125.694310433561,120.989215909912,40.5547744284674
97.0139829817713,3106.30806468243,52.3408732805172,65.0696149544045,27.1976195102303
78.643935585194,5682.41057799696,183.771129619189,99.7634108906587,37.6515588513522
74.5236967490821,3407.81351477495,165.709189518707,185.890981895925,86.2812054666384
96.7155529487727,1934.4608242083,128.98987812919,181.833203748871,71.2146175270594
98.755582892746,5915.40673128436,59.0477322516796,70.0154616155699,42.1264934397288
89.4719837131846,2227.21345752021,182.360758413104,181.408370011472,44.1779352874509
85.6090524520918,4947.29527668967,171.195421461632,102.570249420733,11.9927652863126
96.1924549095637,2574.11642661696,61.6743557884512,51.0473452985398,18.9423154466818
88.7581150790881,5963.68339575039,108.689595471703,92.8294918745603,59.501928899016
95.9398915160674,5760.3244276595,74.6849881032197,19.7712467725899,58.8976333392879
79.2704350337038,4465.77040755196,14.550303183371,26.049269596871,61.5533347278395
81.8190891055554,3402.09383183055,183.565454338355,150.663408223537,85.8031264144372
70.1471893756919,3156.87289685699,41.3397704573982,68.0242397082136,35.199105658845
87.7536523535754,3597.44782938369,58.4818621720717,62.7661252288041,74.1045984289952
78.9957006714553,3560.01114437411,148.2959976328,107.456055306331,20.6703466529168
84.6056777726815,5209.3958939785,39.6369066246498,52.0065652673053,58.5885344241991
80.5038061168026,4141.3342241192,103.827033056883,68.0874820221673,92.6303809583994
94.0232346911991,4761.82329548971,183.16745351251,151.278037985748,60.078965346883
70.8110158206642,5008.45077791199,59.7706320484382,100.054507911982,30.0783986429236
81.2374858519056,4924.1260025227,86.8861093659212,49.8138693047885,95.1815361080864
59.1049381199822,5551.99554255583,137.824986731773,173.932342114841,79.1721615971296
94.0916120085761,3833.20871980568,196.417897259799,161.413010556462,66.1916481071245
96.7964298173686,5254.68849716131,131.528414231704,96.5422958046658,20.0701956879795
95.3770417876366,4110.53149215657,94.2933486672157,87.1128778817315,59.7171511320677
94.9164194077289,4546.43525268383,53.7754494660286,32.880414217507,26.5350046270196
93.5581261040155,5369.25468007218,190.308583156016,82.0764509620848,87.0118693860315
80.0159901670241,4370.75234300375,66.9289467130371,85.6476723267035,25.5507663568164
97.7169899022286,2276.67489008707,175.816521171442,182.950655969264,96.6925961972632
97.7296068223096,2058.21173757036,179.706434929729,164.447106557665,22.5938511186304
86.2833985756028,4308.47209858759,80.667113961596,79.4874310221955,34.0067956404016
96.6072772194663,5166.32213666919,41.7833576444393,13.7549810558641,7.00091549637614
95.2518342857905,5498.02184374736,158.910442577994,160.84288745055,28.3942385717397
71.5898495853154,3143.45269506754,87.4218919902932,104.730414726754,49.2816951204882
75.6232733071178,5893.91827907763,111.539534164412,163.998504485863,79.7440459687794
87.2512190261282,3811.6948704311,192.134558181741,148.255531332956,62.9420768023025
89.9957719864372,4049.79442953068,75.2477022364089,33.6509245846868,16.1405767720635
83.6875040717192,4652.28059577624,141.797143766146,150.249857525101,7.97180039434398
68.0890652748117,4728.44407929023,183.154140009326,195.587627777184,63.1888680051887
76.3538333471625,4646.48117764576,26.2697482281615,30.0883307585895,99.4959093657449
75.7132256776213,3325.2999476768,74.8675513145166,82.293788844279,4.7808771931395
95.2402842919294,4815.56733246846,186.718977479159,69.1731123928929,52.3763463712494
77.7701558771293,5517.4102938318,92.617086125853,186.655916143076,12.7781929260462
91.7425490365248,5053.81934675258,152.220873897183,156.597440718503,77.8827593193615
74.8801167225615,5844.16685942251,125.464226445779,110.30962954145,99.2454062605137
91.6903370120773,3378.61011869994,59.2596588213949,25.8040175692261,15.3403805922323
79.5221332098133,4259.71933967006,102.852602097285,74.1611901893112,33.7466473167069
67.0753322467136,5582.46384355065,85.4188739026724,74.9032167431128,99.8895298513744
68.7339290658611,4070.90621063218,164.250843191793,180.719331378262,15.8094753855671
70.3492286141123,4334.93047595619,171.614099310416,178.642286762035,32.5218838979917
82.743919802768,4476.91929275152,152.364154439127,109.15479505835,14.9675483429832
87.9809974211844,3128.6112029923,136.225634874295,110.340073948432,93.8372434501142
57.052280440129,5941.12071063209,136.820544998551,195.961716450061,89.8792646456766
85.6886302850989,2511.93969056091,101.827712042295,99.6506263246598,47.8612381379507
95.4404080407473,4519.39646458124,146.269950412249,195.554353146885,53.8655113006568
98.9902828663771,3089.37657172566,111.69640310501,119.409438481825,7.15595478300341
71.8434620880383,5148.90753290913,125.255980454442,180.75383833535,24.7569981184976
91.5614362987175,3001.85605939153,140.624007861082,135.393245457857,80.3390415745877
95.6902532728093,5967.82383609269,65.312057284384,59.1112987597357,8.09043132645798
74.5674967569158,4158.15691531092,130.44737660304,121.711079277076,48.9140774159147
97.9344775438242,4027.30696850453,81.8464840122193,130.954997384138,55.0440566515539
92.4377359483505,3309.07398399138,103.816852657801,109.892763510043,9.86798965929717
99.3942641871066,5948.13318229553,101.280430373114,131.691194513759,92.856026669584
72.0953945366764,5904.1792948426,102.254466850993,99.8471816366571,29.1888111234755
96.2403565474307,2796.75132472168,34.3365725006459,39.8995605595663,65.7894849724877
95.0141405455631,5092.52544777591,162.684720743313,162.137063357399,65.6443637585411
76.8879991351636,5076.84730901016,195.904776993951,180.635005651992,0.911074678384488
89.3705115632774,4473.0178705388,112.916710943141,66.2850929629755,20.1506259120947
90.0982050677358,5771.330856587,68.8651719658998,82.0240609264012,42.5945639412658
79.1441502550345,3876.38141151688,197.328186298083,153.12008353136,61.0762839255567
74.686317587703,3368.65317162123,104.226337748132,96.0610490037823,34.6687366884813
NA,NA,NA,NA,NA
66.3919493488328,4757.073214853,45.0578605537384,42.9387884371141,24.6793724557558
89.9660306330385,4945.12414829476,88.6014872670894,148.710247361737,64.588318239798
63.5658327981116,4684.46828945759,96.7463586403156,154.477797868285,84.7313036634509
95.567504399745,2229.07442754309,109.838263224195,128.447575575462,75.8971275619017
84.3174272206437,4822.65558468932,137.722829449537,169.30800092734,11.6265013521637
64.5737235503584,4440.27308760602,112.881841752311,154.737517700625,98.6237037472532
79.1103745621531,5886.84812361943,160.067648121405,131.653053079926,71.1863127029823
60.5635477019749,4564.69889438184,97.1836957894752,184.413329919095,4.17069909765359
81.5785372730428,5445.2521879255,138.808300989709,161.385050170377,59.8135094161092
63.4897052979699,5443.74832424793,15.1264640279823,17.1342756661888,42.8216731792348
75.0807207858865,3735.33840522878,179.892007303549,167.104071826825,5.00462298308672
86.6728497428477,3879.2532914981,100.715608955092,76.8317320421339,48.6497641247489
95.5125623281144,5839.47450332593,57.718702212323,18.7120846703447,81.6472264623921
95.0747998949742,3347.96341237994,81.578659141986,110.722900757418,4.89595559547583
84.1239369756959,4929.33522404677,84.3543238399316,40.6125018010848,96.8335700224512
69.7290821797562,3269.34944093802,87.1464941737873,93.6732551432301,32.7246020551031
93.3801329449675,1976.52293465025,196.79499792153,174.471448968179,71.134012516989
88.532472394955,3152.99154115427,113.687567790741,91.5721454278115,68.2801398741654
60.6967964129834,4277.9621767849,146.364006085255,190.377242759444,53.708558006539
95.6308040833583,5822.63237193868,59.4666640996156,59.8159828511356,53.1989063057793
64.6564851126049,5127.37776955929,55.6593796664735,123.360061929536,76.6904524441318
91.3341153515028,3889.89374439649,131.151240456025,196.16245723441,92.7881835488123
99.347221928421,5247.78653623993,109.101006776329,23.4516094231361,18.4367384216742
85.225802994116,2851.75182185238,153.319817724759,112.112203007177,4.18943390756128
94.8250937331513,2260.54796208487,144.498916394723,176.984665265728,29.1148183869285
73.992842805202,3881.54424735373,161.262785208798,171.901900180754,57.7349276192431
96.0803995121324,2945.20556707931,141.538871849441,186.14256059673,17.0629799995293
94.7932880275426,5576.81012153079,151.263829740201,99.330307307817,25.8636889795196
70.6107879378004,5941.70938452602,64.1157252611758,142.390123413444,46.7402945730956
90.72517443363,5264.17514727182,112.912503184471,102.720351475485,34.6547951395043
69.3818054871903,5694.07354047692,76.3604994891174,170.494183548444,36.3396137022806
89.856350710667,3959.41479517107,91.9690509807697,99.7659079775468,83.9722117991427
91.3639463946225,4478.59533586256,159.758281416428,99.9978212966926,53.9239752119616
80.2793121402843,5309.30004602634,195.347282585044,132.89826302832,0.393403964707971
79.3777705560849,5038.42200757744,39.7392308457662,62.242132529701,74.2183910707344
77.4059875816678,3759.01248070286,98.7163563284562,166.452253567769,83.1539982537121
85.5823350332272,4036.07501939489,177.068571629297,176.241101280355,51.4786576031055
94.3569573735695,2205.91710923024,86.597034190824,110.396437527952,10.5194480669805
74.5084698720746,5779.26856467683,160.807900387804,195.905867679841,54.534276591267
62.8762314904379,4555.35074940719,74.819861699485,104.951651926838,97.7408776526312
77.7117425853485,4995.18182175183,183.924512859271,184.00314352793,68.4008777605144
75.2991098370903,5614.97229754791,98.2212684734315,131.607395782447,11.8001677179654
89.17583034769,3955.94847291645,102.661451657438,182.19260416321,95.2749983981654
62.4527284669149,5508.60787946508,175.911919676158,183.361184300186,29.8876113094544
60.4015739970206,4528.29518934838,108.997295984867,161.52680690274,54.7107341073978
77.8304798902571,5948.2630389367,148.556403105318,160.582025734024,59.7887804048729
94.9876233934252,4597.78326780976,59.2503822923358,144.410721745209,83.5218384046711
67.6484595426078,4415.84858845372,52.5293929619048,115.390021805448,59.0894956517834
88.2934251447284,4371.96834417279,118.332039499903,174.825308661131,38.9922890609619
99.1499691810677,5803.32152780399,30.0501888150906,9.13804550508817,76.8907676959922
70.5620604613583,3232.72442221797,81.212598269391,88.6440531141039,54.3306897896351
89.1550255887782,4575.66146965548,117.628166704592,58.7635449617676,8.04423244388397
95.0175930183286,4999.14684165794,27.3780672747265,43.7207599484637,14.2603550551117
65.0216973303615,3706.21833924516,95.9562453950986,119.189932618175,11.8190980357545
82.9737716469086,2803.54166662709,117.271823361409,123.613225414546,45.0673193129269
99.7971276892122,2919.78613131575,84.5216388084229,83.7810673055849,17.0493764740633
84.6909165947956,5609.78561635954,137.953117859841,165.275831010047,81.0059663623378
73.4904666270402,5026.46858652715,31.9399347713931,64.1023423970414,40.5380985631184
84.4111870779719,4969.41848929018,152.000743923978,101.256800204612,16.5711036136443
86.8958641180861,5356.18447630815,97.0734518636665,50.4380904771674,10.6336264625102
84.3317646668309,4105.18235570703,140.962115760921,174.980781950057,84.6178867870681
82.4002431662871,5446.65822431094,190.771972500619,146.470509709061,69.7601685994362
82.4274556928805,5649.1523999776,165.125519019111,190.238207367143,24.2971728946851
58.3672683785418,5665.44453646347,8.25989106624791,13.8427006963831,63.746403350973
94.8894794625258,2961.53019391892,162.6279266811,184.589599214875,77.5895219212044
92.8923690738419,5821.25003422145,31.2681843435351,10.0523555788421,75.8001267817322
88.9918740549613,4980.94711546716,75.0615846586436,48.937000244366,51.2604156498936
85.3694945566018,3812.90230110373,45.6224720355762,40.7357052436626,86.1072480858302
61.6317820520864,4830.16528018619,93.809285265005,105.826213403571,63.4148307618443
95.4270414811384,4450.93658841094,199.817600067253,164.622939486422,18.7227890600074
95.7118480502312,5916.50184212075,126.619370157325,53.0887598848115,28.5807284105422
78.1743147165183,4065.3716292226,68.3110192072792,100.13205544708,9.56755644420453
83.5085679610917,4055.84229892474,13.6432896314199,26.1246337215239,9.66529967469226
92.9095444228233,5901.82054452102,72.4676951352229,170.215500098612,53.9398397556916
90.9720492984369,4989.01624598433,80.482590388362,157.087767178252,72.4781927177661
94.7856173699741,1942.61952351426,107.540976600843,139.221600932324,50.0694372131157
78.213559575081,5031.20561234904,128.041905569079,83.1476258991068,52.8547468461377
89.553883198115,4118.43772387017,113.26343414951,176.312403827901,22.6693212586674
79.8738042800341,4986.89498991569,152.884591567096,180.566233134311,31.3426685303859
95.6600789850802,4326.75015948807,113.373085472407,143.786084082794,47.8643576726027
67.4628930216613,5755.57990934714,41.4535987273204,67.9594193283839,44.9232222510798
95.3695287848734,5088.83299573261,159.186426974083,40.1944790125013,69.4308866213447
91.196093640101,4463.31959715357,68.9007311985716,111.271567653279,12.7104689447087
72.5189856682553,4606.58387890306,121.586678767351,135.01703129116,8.46845623430322
80.6319860792843,4786.73158531081,85.8099036981491,151.966630846276,26.1759936930094
83.9496108143868,2897.7087979958,68.9031712028337,110.423352820114,51.743727523975
96.7267158300748,2191.6802446054,86.3512733772082,65.7507581152389,6.81502452124129
69.880155699391,5056.63863960207,85.3107379566956,65.9994225441199,30.9375991572387
71.4275144000824,4895.67359124779,137.741286227058,122.366209162439,22.833383081517
95.4698452259712,3178.48906017042,160.591554594236,147.447190613722,20.5944654736826
72.5137660800394,4865.61440281751,191.37065369219,144.640367605304,30.7497589706218
89.6320774927438,4872.38488193975,166.894009292115,185.134532527063,71.3931412520647
82.5531617914228,4980.0111373985,128.223972921396,155.535211768775,10.5242267759967
75.4086639938183,5251.19923526641,194.177565289879,177.832248159011,32.032962412219
79.6511720397612,3383.18385107029,103.362589583364,91.8720921558317,18.9424609192604
97.7343115319816,2381.69169015993,126.134471319376,186.492727154979,28.5314697143732
91.1003276497983,2919.67007571165,182.03523176497,107.896724283118,86.808570642457
98.6584164309433,2888.59248017595,143.259487776545,74.5915969887404,39.9539649486546
79.0157516273382,4102.92507298487,90.6019946458319,123.779205335322,46.2429471330281
70.13518939808,4940.37546114952,50.5201831236943,75.9279327702266,51.3332554790019
82.5731193127597,4873.58816822673,112.400048913483,58.870087505546,17.9358470665625
65.8319736223786,4177.3754851646,56.4952582120927,99.1621260919427,85.3483501461551
84.5648389444888,4758.82244478796,128.524397762743,120.10095168394,9.09094150086426
93.9001528776092,3420.00099815433,16.6585872860127,10.6350693884526,22.5023851649533
98.9330873172456,4012.68371093045,106.58151435525,180.605833001438,57.2473242575253
89.5881870741357,2448.41738773296,178.368449821751,148.530856545181,45.5890310350463
75.4285346863873,3621.4849751603,38.0121756555821,60.0936750000074,86.8460739295818
70.7534858423809,4445.86786388897,147.507182831991,120.349474054922,35.6195220397941
89.7195764911761,4000.527861088,148.684719103254,151.810162920392,69.2337753518063
70.1417860351949,3856.07292295042,79.4984036280466,120.872672832924,82.3944826842204
89.5810846763117,2839.11460743655,111.911770617275,84.0697580069559,62.0803931260178
92.9469636908426,3439.36216048601,85.9564942910687,171.755853031114,16.2911249653538
78.2974835914738,5827.70512326683,70.0685181094454,76.4557230856247,61.8848153954348
96.2208278434426,4762.61527711153,54.3106585304758,78.85507163728,76.9039820683405
85.0932387022054,3590.52627227024,125.587954520316,149.426595861495,4.18648610878319
92.5207075696921,5523.73398955368,116.677040839061,38.216348347487,23.9697304648482
79.464230028321,5994.00774337203,14.0115170491383,32.3219298513051,18.6730740390834
86.9359036238557,5367.12459739342,108.514186816977,198.535257499976,64.3136615409535
81.314295212569,5762.5122046104,78.4140067424424,130.730993437359,54.5831638760124
85.8295530263444,2092.42120227395,177.211425163545,181.385721506604,49.4400395077809
93.1262110871384,4092.61350037148,113.291675500727,175.946798087315,25.8980296350424
82.6565739002236,3416.21995055437,105.537267822714,166.757586171287,49.1532865591305
75.0549022878333,3343.92479703211,47.7898103388214,72.9275942849786,31.7075497066965
84.1730886175303,3050.48459616974,193.632829820884,162.322034185981,60.0598131415019
99.7274334727335,4128.45886352459,85.58596012366,93.7218179093064,17.9395453948817
90.5070871781032,3678.38222838554,138.800533211909,79.5968213959455,62.2285731291045
76.8809052039004,5143.6998550523,164.087298873616,110.331020375214,36.3072868454571
82.5417649167094,5266.94564114434,147.719738746925,186.339494034791,76.5067762470974
95.6747400678801,2176.16719674384,48.3199991438444,45.5121789964692,57.361633131341
78.3452898177133,5043.95442482608,121.833146256463,126.731188952012,99.1521397344299
65.7137669661463,5385.34445994339,50.9237307869215,71.8944714048528,64.6532570778366
91.6684135971894,4250.63383349493,198.882687613508,162.005431192492,13.6503236894898
76.961027455375,3173.24080691535,56.2102700510845,80.9486570100581,62.3485800436855
97.5375160952106,2595.07105517545,103.07369668347,49.4412084388946,52.3285815396962
99.4325035717945,2125.12820028389,97.7949999790546,129.206983835216,70.8473856694087
66.4267635677398,4969.24172774942,158.593450801782,168.856626965846,88.2045058795865
87.038595981949,5344.37931134154,188.034150016052,163.15534906376,45.9876066454616
97.3749794337423,4728.01700849727,167.72115665162,62.4140030346142,59.0253013362555
79.9640398849082,5305.9881510319,188.267914906546,184.565893245094,17.0201133889554
96.3088017368528,2417.36482847759,37.1952639244532,56.9772893430843,14.2648314102696
59.6001237922641,5836.52357617321,114.51081953902,192.687876940956,39.3495985851313
67.8558339005833,5666.21234677084,193.009790471996,189.807239147114,1.57198968843663
83.0889963292543,2625.0610882446,176.337089561651,179.386632158519,15.8162627244425
83.5977890207758,3583.04108802056,154.667906411207,112.145500062794,17.0444355053799
73.7858485585909,5594.2097251759,45.8639990048743,65.9593780163095,63.7557467510887
77.268037394097,5695.85597089912,155.582238029946,150.938690114126,92.7863780869622
83.5077723602337,4145.86939041988,167.091739014276,95.3468149705179,39.901078169168
97.7548009812829,1891.40853504952,114.350219516746,151.041553376858,34.781488204768
98.868378532753,3752.10166173921,116.835397819933,145.349608067125,15.0420544477899
75.6741418232726,5683.65747230145,52.7484427668797,114.415728826418,13.1899194857457
86.3121667397047,5785.65527601547,105.845110393777,197.760587792425,57.0606124612817
85.7265500338568,2626.72365046072,51.8323082267586,62.9881511143258,52.9186336622503
76.2636868272552,5489.56491864042,142.435862581865,155.138824361115,61.1351762917899
76.1542948377303,3434.87037402881,159.313829974336,165.008769573603,32.4233003119052
96.9262755524286,3094.77494953042,136.934600208978,111.222653217453,62.0956081188516
86.7105328465791,4041.50170009405,97.7682576027693,163.024939078648,84.9418003660027
71.50243108899,5468.86273206292,186.512698382754,147.32483604354,66.197961821929
94.4547604323575,3946.93093932272,141.191125650134,119.349250690696,0.870385849123713
83.8067961689582,4205.11846026979,145.529527083305,172.345422223175,41.5664301120783
65.9725915674351,3935.17892493802,170.111940400042,197.847488584527,68.0902560865285
62.0314688028874,5705.94246844669,126.540203736714,157.747843004426,49.3216882518217
67.1851107673028,3722.45996544875,87.3167393065248,107.467599062775,8.52642114299829
99.3232226477308,3156.18599753051,47.9830378078557,111.317291902377,93.6039663890145
97.3412320247563,5511.58983013841,101.150655293217,81.4782771201529,99.215178208853
75.6849356648667,3209.06530727762,148.540342037424,156.974259117769,8.80018565814538
81.0975857269945,3766.0161024731,88.3700641542611,94.769805068178,71.9146331820678
78.4163909719115,4830.2490759389,161.12868301565,153.754352867581,7.99650737980259
91.4276159785558,3975.31268998632,79.8528273825972,61.2217785511468,12.1388193594679
98.5771004874345,3366.93747046473,61.6656221003387,85.0480628011276,91.4004211092318
79.0989489616084,5051.28418646453,41.8242047113447,47.3332649323435,3.76157712109807
89.813674731819,4177.60767204277,81.0103208874694,113.815040985944,72.9190975656575
69.6196139446645,3693.63052567354,124.905090679708,163.072420610828,1.25362478941711
84.4452692417465,3550.67863514208,41.1358053386788,93.1527317426559,97.959149058918
84.1451587127273,4407.91777447958,100.340923231307,171.015689122319,86.4253013177662
88.54255948806,5824.5039171299,149.680334945095,65.472166359008,45.0929835116784
87.3835252740125,4438.04692968581,155.259504723823,98.7830463959541,70.2385141961445
75.6554441447911,3516.69586251321,68.2994580758473,87.5076446895465,13.9206345580285
82.6506404460252,3675.08978406402,195.309825772057,175.159125726693,97.7718617984851
70.6864504516315,5745.14928925574,146.999772218744,154.682814845588,18.6773474590628
79.68876561659,4497.22516197312,85.6980555744831,180.24566285198,34.1262825510498
97.3944079345877,3769.87785616298,160.892458058575,148.208609090045,18.5400496570194
86.7320694978047,3067.41761067483,166.681256923988,192.214809681913,86.3111941218437
81.2870570071758,5558.9658276329,170.71528235096,111.834296196125,82.4403517156386
74.6450314738943,3500.99485744884,158.90418744345,129.862329958092,31.357124681625
59.6359065252516,4648.33797534329,77.4914688938823,101.599370788939,61.6734632265762
84.0086866843297,4023.05135615046,173.070767028192,186.60088056861,90.9504321181332
98.3196524698492,5342.60362718756,184.993189273072,21.9029374392263,36.7992818585489
91.0735466386885,2029.39462501418,73.7413143930476,65.5872456280391,27.5086433060002
96.4390766614182,5477.1373146783,177.833562449408,68.8375471719098,3.49451472881518
83.7603760396732,2806.43876100408,105.150614948787,133.54959617772,68.4867072804114
80.8683249371852,5580.00652087884,160.175852594333,156.828826116024,87.5173935352026
98.0304885759348,3411.98247221586,110.776795559696,136.08280890836,55.8047465256194
97.7107195766013,4891.39365623935,162.916874161621,42.024098198631,94.2591026359215
75.5005295512057,5653.39376891635,69.1418232835129,44.9818396082201,26.4453466730464
94.8476721667722,5598.17630271909,28.36274804069,17.1960890611602,81.7762326999813
96.4810716868758,4464.93904262486,152.10381258223,178.531821733718,74.5009200293486
71.82936956736,5414.55291310023,75.1322668959646,177.440047752701,90.8159927079053
85.7061480413375,3388.71371765911,70.4505852376394,47.0107972550313,54.6273491927178
93.6567703295751,3792.39148153398,101.02446956143,194.409902929389,28.3121527122858
86.4624101177047,2624.98578149756,121.206665223694,161.229309167642,27.3733233768896
65.3991751757051,3534.82405614187,92.4794235429075,159.798449607817,37.8381625210506
76.1972886382453,5085.84079119723,103.314194682835,187.661536132125,39.0794501392413
90.9687642961049,5384.34001802065,107.684228694141,54.4425922788352,91.9818456694473
74.6279227409297,4241.85732735934,47.1996702278339,71.5823658921598,43.5081606527695
82.2387914108505,5889.15508774674,116.523259086264,126.370520904909,6.46929175517244
85.5416528829289,4892.80044816027,153.919129327214,156.617002591569,35.0157986613432
67.0645697825659,3413.76151495203,79.0004604833889,138.856266334211,93.0344506499466
89.270303815143,3283.58229738314,77.1401615634453,162.560098945745,10.2777036077336
90.7995006497009,4246.16385162857,90.3856966682302,37.8692636950423,59.3227217695408
90.954236957054,5486.37904090966,43.8099781932485,106.335623947394,51.85785146042
86.1813847053628,3134.72324749977,103.594743326005,59.2642117631519,9.70593469679406
77.1777609683048,5879.703548499,176.623866419719,103.255526855623,26.4414018935036
97.9280139526648,2938.05764501821,48.5476531816907,19.9911187619792,72.8881501139111
95.2162148364756,3785.05178501149,183.288410855688,146.318807904448,35.9153028099221
96.3620385873141,5410.28969649697,16.1566363572097,28.0081113846244,99.3047935082545
89.2042909942084,3562.92354853081,169.686589814678,108.394799570348,25.0967022475873
87.995899079914,4725.37561805875,54.0948000242278,102.44568637379,50.0412613073593
98.4712947376839,4654.73708025769,99.2565248167043,74.4437822700261,86.4394227749724
96.8536929361681,1844.3209448873,148.421901426454,186.731159013482,66.5855973496059
98.2387249879667,3651.10416953211,46.6892012460981,43.0368606049258,64.2592329570241
88.582840453631,4457.03537670508,76.3717051514691,115.787401533401,48.9201932945315
90.9774017697898,2433.03923031133,106.675284800459,123.558254614034,69.8788789267956
97.646721797138,5699.7033612659,93.08820567195,37.3426204531605,21.5250812894524
97.1750333896621,5330.08692009796,57.8013092511502,132.211251013666,54.31423134153
75.6966345445951,3497.01087232173,41.9889111613607,42.6242438004917,46.5197079455738
80.7031294267278,4609.61497547103,187.934384551447,123.298151651634,29.052400499271
99.3098692531588,4562.80213246654,110.736289691215,104.603474781505,0.396822290909553
89.6195576357348,2786.50900875076,176.79795253672,185.213316280947,14.796522858621
92.0776325092063,2082.84010557242,71.3938944437378,85.6238413960112,98.9262385149102
97.717196286278,5826.23742051827,180.493407240517,140.895037559366,69.5731805496481
99.428547361921,3896.12833000596,134.237589300009,147.410601808784,20.4982220217086
81.5392288687545,3726.5958551159,122.170565643459,182.901961014282,42.8407182592422
87.0762651065512,4242.61998512432,183.432166962626,91.7500714634114,16.8643837129392
85.2667007393376,5166.64360828276,155.907930921961,196.406827585683,25.5075520835433
84.8935059270703,3187.48534796689,152.631573475983,129.351236681467,20.2274926401096
79.38787902493,4199.01526681967,102.450307796165,61.4351431211712,63.068278781198
73.6410016827118,5987.05083208777,153.358524054189,152.897931248594,35.081801744916
89.3820087806922,4751.13666063091,114.252433503397,173.983622884982,97.4855485737656
68.5559498859424,4342.71505248843,102.978919925311,93.7457845965687,28.147282059105
91.4114170054614,5870.92950687589,170.680518985388,143.931416494943,49.9907784110122
95.9343795058669,2131.87367455795,168.933564986377,143.391627522758,72.7190174494519
70.6390407116433,5853.3932025325,125.074620009288,198.320328300732,97.2325747397206
82.5970669567329,4151.29649254253,141.085809409816,159.258157687657,51.4684997148741
88.3876138194054,5300.80621143982,180.836513901128,106.501016778921,20.9672075941942
90.9000023084461,2754.68721193609,80.242793319165,134.711884762177,56.2534683825715
85.4571813312577,5688.71772760835,177.083891781384,122.947895345782,45.2944321830537
78.028774047849,4752.07476910007,96.2249751083541,196.281388561364,61.4370051169717
81.909979566344,4391.50664173844,144.79200811096,157.876907285162,23.9301901658102
88.5422864182143,3276.56968602131,113.899317042916,199.456440655501,71.3259528743123
97.0746429591965,4314.76191046426,196.874792807027,105.242820764777,70.5329420573212
70.1341352880002,4024.39240717181,174.875901242762,147.466307779772,40.7274314967639
97.6419423770448,5999.80636754998,134.984820983103,120.500064091993,58.9536385824056
96.6609202787679,4175.3397035577,155.29250204932,102.287874133531,67.4581164046939
81.3809487707301,3601.57825684368,145.393958765535,144.284316856912,86.5902098524908
96.1987676377743,5475.37985185138,167.295188999362,81.35357382231,44.7080149191886
94.5110130996888,4629.64116618162,106.201010697943,48.1364226232692,46.1293818038346
80.2706807839222,3054.92322156765,192.940649419244,149.751385485821,18.571936044854
95.8052539401904,3994.47739679629,164.553862883291,108.600628446073,63.130775319043
89.3337608511844,3630.54341826426,27.5644230519887,44.5386181762518,39.907033068686
86.1394169868899,3432.94621958696,61.2895975758406,51.2472796054637,48.5608023110813
95.7388400508274,2478.3401234296,112.024786664442,144.715774866259,98.0210523443135
88.5322431232796,5219.36041969503,173.375383596886,64.2481531078498,36.6137140523308
73.8330636142002,4863.55574210631,176.255388014512,190.980017405433,73.5887935501515
99.0682745450412,5936.20420264324,167.016656688756,16.754758722845,89.2068400724442
94.7144539725982,4018.74034989113,179.570772092026,69.4339505257694,25.8661869495173
77.0763429904309,3209.21178686341,173.581438949783,184.541169240038,38.852994689686
70.1115524582805,5746.51983875691,130.871158481855,186.595993424758,22.3370567667507
99.2141799503587,2639.24149609223,98.6305262062581,145.946371616061,53.0020331521279
81.5970149372423,5751.81181877313,86.9739772730012,145.16833380191,16.6200406542956
89.8363582531369,4418.10981067057,197.138828447293,162.70176430884,39.3157799591677
96.7776784087897,5473.07000760887,118.155669012195,102.467469094608,36.1656117809726
68.5813984604159,4430.11945450326,109.389106218455,129.789988015619,1.83183610065128
69.7084694303483,5231.22594135231,42.7400656533273,77.9271344302325,16.407732296599
99.8121091755151,2062.68211292054,120.182521829839,163.787832575587,41.5763910488783
98.3183256853399,4560.48153494023,89.4316307694603,144.19534292762,98.9822025702891
86.3756054470376,5975.4110234523,110.619201317614,83.8825253256516,33.572472914467
82.1296450678879,2632.91640804303,88.5871890886071,84.9647706781217,57.4509398835894
86.5117583279605,4579.41949496028,123.676730623646,120.524594192187,28.4554655074333
87.0971228977669,4517.4850587819,193.063662153958,86.2813652766691,24.2788519179421
82.259794831564,3863.38213495526,150.926860481218,114.853005834954,21.7534443902219
88.0784820768107,3016.15729005093,27.0480642274482,41.1128219830494,3.71454668392314
93.4545891832222,5894.58019567483,54.0313270167718,116.953544724113,87.8360160380329
86.3749586622676,4775.78795081095,71.3472755912769,119.032224627841,34.3367955983119
83.1143942904412,5199.2699421123,146.532048718228,165.927154800121,63.2573808399892
71.2647677260385,4518.97756148766,103.153851625044,98.8198393917472,32.9052910118504
67.6588196125195,4954.05169284035,169.814386184652,146.538838075725,78.994417365796
89.4698077837983,2781.10385906641,73.23228466262,135.053002334206,11.315160604055
99.4517273632948,3368.55515224381,119.54483657105,44.8977023658161,21.0691020085797
91.8040208036165,4960.63048830515,132.949524662807,151.690973099955,82.4189970488975
97.4902282830019,4451.82559405913,122.848701495102,184.859177661526,23.7947213880768
94.0056867205032,2128.4740198689,155.36910086376,124.084259429371,0.0600288706782682
92.326733707348,4832.17510932414,60.9299608153365,45.4906191851592,33.2017250581647
95.5709508249671,4324.24238823411,148.95778167509,56.104401517826,58.7711209040281
79.7379720119522,2595.39538594946,105.560299550309,192.066180609112,42.0902251095574
70.6090450590433,5466.84920790248,94.1067277244756,81.7680849173948,65.2389452791449
81.5361141047701,3220.82931244106,101.418592382704,173.034756184842,65.1451336965523
95.4371955856766,4452.21239096955,178.933930562636,99.847151242012,95.9391705457728
98.8130792839035,4498.32147072322,159.325328324146,43.5747536184613,46.0682248337458
90.7070229878791,4403.8467886858,101.437394296978,169.582598799416,71.9588155185411
76.7675981045376,5904.87211156017,134.252073784692,174.12806718043,75.4558889512999
96.4347246630869,2603.85445659089,30.1288354687388,22.1917878051502,85.171505502533
84.493569482505,5993.15217919081,151.597366303963,143.761228861831,18.7105714588762
83.3495313153841,4737.98434098734,138.997453537646,104.794059630755,20.0965544903543
68.4145495283246,5556.54021998876,76.7910878687506,122.79870021905,91.9342094535349
86.1278822747058,3609.08998728048,128.084631173313,160.527919605562,68.1117116853484
99.5742477322564,4928.26443702891,110.725694377428,19.3571480902114,47.5085977294192
94.0993032045325,2659.95469905217,178.07659163697,153.197098696836,77.5179828004199
93.3134243309014,4589.28925161533,143.296185974406,91.4392509121365,32.9177219091232
92.6912983029825,3700.94389486973,195.65208365294,196.581272090763,16.0231591669371
94.0634014279785,5315.04432636528,164.019251472085,191.545905138028,50.043152148202
74.9700854679518,3918.34404389736,97.4235087973275,182.951093123953,42.9620531931799
77.280449488534,3012.84403532547,109.631823675572,174.308733784411,84.0092635345404
84.7272663780189,4684.59126478876,93.0710932088055,160.801282324518,45.3436863157423
93.7562180875785,5296.74826416272,100.667979110018,82.9255969555872,18.7698427336793
75.586868956445,3830.43696864762,30.9646378424123,52.4144710870949,12.9440126900138
95.1516024405214,5050.59435812841,61.5524201639703,50.9084982974379,56.4257058667868
81.4772728329927,5381.53111058252,27.8606032070251,48.8715930069544,39.7171039954912
66.4878056801305,3782.96579696631,17.1867428931507,26.3394110402087,60.8369996944622
92.7175394080226,4822.34009449527,124.277830413494,79.1137397963688,33.5546205792194
87.205175216863,4461.69957542641,71.0810344395822,156.107630041052,32.5331272426278
88.0328491516022,3636.1288242775,43.5974605032876,84.4145139940593,74.603501503645
75.9413348523429,5228.32865256173,90.2453313712098,84.821511773829,63.3413761900193
72.0134269703629,3490.42519205446,16.173357859966,25.4279823417357,84.5016135444963
84.8618906958199,3606.50725968962,27.1269236899447,50.5881741375989,70.4520790010617
66.6136196808035,5036.63932220567,153.41577153408,185.352366268237,58.2866827816154
88.2319487024204,5786.07735608334,110.745597356252,190.240104576792,18.0568860029181
90.5164703138931,5485.45101633617,69.4023731769281,98.391185937069,58.5948710728208
80.4145323504514,5080.73804196751,138.478514226277,129.456325749614,32.3588833637274
85.6534980817064,3730.75489979168,115.401459134301,72.1747911151863,29.4701679661238
72.3933659100253,4082.98792020918,170.104855065423,198.366425440231,25.4467873166535
88.9748356595789,4668.32007956937,170.751914245868,176.845927981882,10.6190336629734
95.5085330592643,2882.44876255033,66.5642662947922,121.307608944127,35.7913561915062
80.4705216937858,3870.50117088115,111.416593292647,179.879849723542,7.35612868338743
97.8428067173352,3102.06192620771,178.154507058472,63.119019104111,22.4134538288154
99.712547421318,5205.00953673431,75.2175141915779,88.0768882967515,33.0649068173733
84.7932075355638,5414.75533723578,83.5207209080248,138.892428085121,21.6602405654272
99.9893482058971,5456.92429832189,167.421358143828,30.5287367012299,23.8371960515654
72.7398337901769,4439.24039517576,79.378852500534,173.300827663991,44.044013739114
84.5042791934661,4264.45168792409,105.325563560174,54.8052616465125,45.1933399167604
96.1230675593945,3120.72217513579,158.003756185477,153.476710434341,49.0821179650131
92.6265132031438,4837.79687533661,28.9766763167336,32.6343416734466,9.32494499353463
76.352821755965,5780.39876076461,181.209855264204,179.311559979991,75.9089102121299
86.8025932279042,4128.53801314158,161.656803038813,87.2539186719375,19.9322341090883
69.0453906710821,4993.85903862367,126.292949276495,158.829336089432,48.1815863115737
92.8829166239003,2948.80710457263,70.9486021912446,104.162754699088,70.729092853938
72.6729825471249,3873.73545876168,171.482171029386,168.293339828731,19.3049811929661
72.1808655611985,3116.73089193181,130.508917094873,170.835340318445,15.536140279954
95.7198867938566,5270.78189289259,104.448392128634,135.611228948258,63.2272562116951
80.1829321847646,2596.27811099073,119.309300312152,145.988682259257,70.8730347574521
94.1591605799052,5280.44914159305,176.980026931699,59.4128022403137,96.0438176701501
99.8434429401383,5755.30054166506,162.149124193475,46.5567703414262,4.17288365433807
71.0584541071808,3594.89028475647,58.7871755936026,54.3807532152153,21.8333175204849
84.8135324916837,4283.07021592711,105.61398070974,69.2668562891209,25.2509114930128
90.9617713355572,5891.98279975271,21.0709442651729,19.9073126636727,36.5907443791964
80.6772420564588,4803.97563945198,89.4153321507362,83.7206829222622,54.5434525628755
98.4177713267031,3092.47991681002,106.897221355378,121.259331266848,50.2525112868536
79.9175696540518,3976.43728184024,13.3262066712722,27.1722643919827,7.6963918155407
94.6167579785887,4501.34154625215,145.461530602071,139.849675784291,46.5653079877633
89.846347096921,2590.66065700199,115.272622025736,198.713309932819,83.2460590198039
96.0058123445625,5438.7147385284,83.8055759997945,121.054079750378,18.5367901911578
91.5805359760186,2987.86532005202,89.0799119066498,155.986940504351,80.5966739770429
88.1480311987667,3788.95073456265,194.715137445309,112.969997898852,82.2541175248696
91.8915743462386,3500.88842240739,149.249326785761,67.324710289142,89.3020425619471
96.1712686437005,2054.90144561499,165.402600541418,143.834267610807,99.5875078000514
96.3496036517708,3366.88029307665,110.195848670494,42.8420658193412,33.0177381486524
90.1095076240314,5989.51948779171,127.97935922763,112.942707028958,7.19413611949361
86.0480705878462,5748.2100845379,75.4070251275928,94.2447988281302,89.6117174767356
90.5618796195535,5941.74709959966,44.620419756986,74.1798453660234,41.0697567865386
87.8596041514999,5987.09696049713,178.657411850929,94.4550641173621,72.7555927668111
94.4789583283298,2906.64318427019,112.759569933403,123.374160365161,76.9465903766117
82.9662032393437,4421.20236405406,186.514867800542,148.122099211998,61.6799877695176
74.6630633411038,5424.87319474426,103.055145525017,71.9829880244708,77.6124129674346
63.2132067742634,5999.57388963349,181.596387764217,176.265662331194,25.8628883215434
78.8826339386841,3785.83580033245,109.991526275696,120.933311215399,0.11742418251608
59.6307841861861,4958.41896029914,117.534481790655,171.182671695714,80.6563014594294
87.9105781042483,2262.05150678445,66.9685987514603,109.808953844072,41.4899695338173
87.577337457609,4692.79572928825,183.307451015792,135.443396344135,11.1427633747433
81.0289671358944,4983.79245275371,169.454412720054,143.697404045626,65.2253518585283
95.4506635346771,2590.02058224852,186.540353525056,131.346399050683,33.9806662460482
72.83112145827,5918.77952662905,100.401673508703,199.041317265852,68.4054360487716
78.5995355447529,4000.71236541219,112.00730599056,91.6607559186959,62.5445800591851
93.1980521117558,2743.00494895899,18.018391254783,33.5065171705455,76.5538713879048
97.4593599466251,5472.64619877339,61.0742419712344,28.0154268567471,89.5811298647304
65.7441456841031,3726.04711750005,84.4230609126381,122.090403381224,23.9884359148132
91.4304765131183,5183.40597654424,192.954673350922,80.7385373463891,13.3934409318193
99.7994793927743,4614.24700980153,135.126164144427,147.019459006388,29.8504619481728
76.6379340283783,4815.21586760993,122.586282933351,151.92539532098,64.2140810672345
96.5312977213203,2441.25041313937,109.944089686817,172.823874199382,87.98366572279
61.7392685071956,5178.48741615317,20.8658403202646,37.0007801743136,20.5541164374457
91.3157755480337,4964.73473977876,68.5754340392748,115.363439093715,53.6929838491729
99.5332999087233,4661.22506827461,17.0492565620796,6.7550807790963,35.8572854910518
87.7696413606139,4100.8449371382,48.4155604174446,102.034894499057,40.5811604720261
63.7653963350697,5950.04734364568,64.292543189565,134.706607769936,89.9817990649024
87.96616256455,3126.76341467695,163.337333108803,141.881274012221,77.8023782923588
85.6903529511051,3596.57614750039,113.933387401315,78.8932587557467,53.654932362326
65.00944607732,5468.65830791204,40.3466355784564,72.412952062882,17.7988213969614
83.5790436364806,3281.7751124057,149.908773452049,133.695976000457,40.202306244754
73.9660569095378,3490.09928036031,87.8643997041032,118.315355202787,79.365048247989
78.985478043598,4631.485749583,151.307801385881,109.013519126645,82.6937419905513
87.6398675680609,5447.03486864065,176.15641396901,161.678099259977,79.3556709710164
71.891880860648,5829.62270257099,157.115460545527,164.455853775101,32.9945649815458
94.5682981292033,4255.63848651312,119.229546153626,95.5200871040994,28.2668555361821
87.8994952133379,4805.00632953861,77.8795173731492,136.001879737338,27.1873629250942
65.3500742867159,4575.80484328033,53.6303943123487,117.013527212388,31.0300214860184
78.1043519658514,4685.67079110526,175.583850534503,120.78013059084,84.6358139773638
99.3104036234003,3837.04628122636,35.1600387721062,60.9174303449284,58.5751376523339
91.8541560086106,2615.52482308568,159.087854035961,103.893888441596,27.4084801736255
91.1204725519424,2275.27688519507,54.7497644533755,85.2498193504201,22.4362808000557
78.6761145172715,3398.6050693574,132.081377753505,131.728947859868,43.3267007938008
88.2821662470444,5104.41830957285,194.868520453724,122.827205345747,8.66079745612495
86.7225768549591,4730.95829180426,44.1435678549721,85.2413854850941,41.8560130472072
75.2821850192255,5785.62767626964,133.86246058354,111.272812536393,19.2056612101578
98.0099966378369,5945.59134558844,133.515624277585,79.7457745701822,80.1887485636696
90.5477882618643,5489.25462406244,86.6777444370023,188.364548425382,43.4724006384331
97.5568951922781,5497.4501152685,30.1561149406414,26.7023313490406,19.5994728497359
94.7657521201941,3581.26038403766,108.197399926618,157.830403478286,6.97816819977797
72.5117201728369,5492.15253334672,104.114799038246,71.0711765202705,9.37105621537582
85.0865001804177,5670.73317885224,44.2052667603585,97.6849204437955,46.3155491954953
96.2360848186085,2214.55658870464,39.5622481098277,29.6179286836482,52.9396126102011
93.2515371208358,3094.19520702041,105.347593237483,77.5690069769867,12.5847691582026
62.6437199366963,5291.32416555551,62.1396624050219,124.4966947926,78.9899946548156
94.8153523501925,2327.69002256904,180.160127872905,181.692796056881,16.5137237384773
78.5070944705689,3034.07230276778,152.080443177543,133.774606808116,95.5462369803558
75.1842521010722,5904.01553689391,60.207580322208,67.1773355051144,14.7207421458044
86.5626275419087,5727.79300026152,144.320440846181,184.327184915788,50.2479506004409
80.4987524638745,2641.85458130803,193.067180797452,163.694225269928,7.93191201351174
99.53657051325,4548.31362796231,81.474782986975,76.0492864947886,20.426445879341
99.6922327227621,5002.49795231958,135.779438473779,170.179198421136,37.4116985274259
58.3170308072452,4970.47339143662,91.14663216623,138.597125714459,48.5931938715374
85.2501044193799,5751.1249927883,164.469388705127,110.841865444348,21.4073415398641
77.5056077179188,2560.56350087682,116.64265583122,170.728162545119,56.1200636483876
90.5995192042319,5474.99035294121,149.602379769621,118.403571628952,67.0287536231391
68.6043116720852,4269.31759366255,73.9375637662628,76.7970828418139,50.9914060484721
73.5111873483581,3994.32619656898,118.997393152317,192.858760453906,74.7592007486976
95.1951896678655,2478.04659615124,19.2485032655971,36.8307124054498,26.4223698985777
93.6361632788139,3791.77663980274,87.4731146584749,186.660962858815,27.6867210904966
73.6642515332122,4404.26754278309,154.137172216906,175.637011695304,39.2871253303496
78.3456000799511,2975.8605027988,100.548906837165,131.834544601986,39.7929623107573
78.2666894305431,4944.64183260815,77.0770007961002,100.504276934287,66.0454751273657
83.3978509082815,2426.57691769488,58.1484767938692,63.872535899395,59.9983914197018
80.4712705890006,2966.80430883898,155.700694255239,153.835569907399,22.0711834637867
81.8999721845133,4556.37236375489,154.904402557089,131.123255374291,95.3544402329662
91.7652092515406,4416.67830144732,79.3013245644224,136.089802132379,52.1013713929315
71.6931101798934,5627.44846183557,22.9064076094732,28.9321256437996,33.9996798473542
80.9808435066639,4939.53759791884,173.438689943461,96.2591901193167,83.7265001853293
97.9824651033275,5698.12929681756,53.7363787715246,78.9113656705162,68.1585081044554
86.4903824483509,5072.51728281463,63.9746136736869,145.767914415506,40.1706346897432
67.5422333257703,5012.21300813842,180.670969791376,158.960270938169,2.0621307410579
74.6257823990106,3241.78930076123,91.9292940900878,114.851441113069,5.39724618527169
95.0848781958815,3076.81816350161,31.9856589741579,19.3201061455957,37.034394370084
87.5630535554409,2576.38788756185,131.764698124737,135.911815307489,7.29022040844779
70.6661195410073,3391.34701024745,120.665834632584,124.924739427712,62.6904872394949
77.6444206805992,5127.05623391729,170.732934597053,167.282686236268,81.4698004639659
67.9024997694697,3288.31921028215,97.9296567354744,153.826710841375,15.1731076857264
63.3950218412011,5431.71950331835,145.212785136248,164.725334412155,71.3352702206803
87.4972801241871,4710.2661972715,69.9597761702336,117.24234880307,90.6293625886472
80.910919576574,3462.39182124322,137.81348736263,155.779830466538,28.1321065776294
91.6349602383729,5784.30300954148,100.630667505595,65.2778380570911,3.62533767397391
98.5615831655239,3989.2648795543,56.9409655182904,14.0097485070647,52.3591240989741
74.0295493702279,3686.51032093776,99.0950907486908,147.861288601101,3.71858908934979
86.5465474960818,5383.37191747068,179.923715497631,156.828256448097,54.9989498377746
76.5658351458129,2666.34942907856,163.329443752422,166.255678981119,9.91888699416861
82.3732315344345,5925.5325353031,56.2317889500903,50.440192248337,2.92143127941239
81.8295843380628,4479.91086049505,73.1869539222416,85.8322271285819,96.8681785030496
80.715261612943,3829.53325974357,128.562645207166,108.659630382714,76.7030162644121
93.3056519583044,3924.62232250754,109.559475709771,126.98617945172,3.33357476892397
62.0851642664788,5307.74489557625,141.77516185847,169.129826869584,74.537764871447
93.0998575675698,5672.34637631291,183.564135738961,63.5981055222,79.5186901084482
97.1856777871542,3194.18164375,44.0642175374919,73.1208308816731,81.7658027025907
97.7344728850923,2347.77820094905,173.188586124272,113.80130167973,55.571428998556
71.9921262663701,4886.53094260917,73.0689412919664,135.131073064931,3.41754522935953
84.8911671559473,4961.77259135263,174.470827082622,199.530425854802,18.1881176124015
81.3663523268656,3255.75515516034,62.7831814433219,132.881441584635,22.0127805773904
67.4104677747882,5724.77329609749,179.078122990264,184.267839695725,86.1017612224479
94.8538345670089,5787.97212729654,197.170884650793,68.2196302010406,84.3284316992391
97.3515344569271,4845.74407360395,110.346348867295,120.349999057548,24.9003714030431
97.1814252709124,2759.69730620669,66.2330337933896,57.1397590066935,48.4220922049924
82.1107093255333,5668.46435471452,49.5084198023545,52.76538796681,24.2050490547753
90.9207158424912,2442.19879176872,141.696419341223,139.338602569986,50.2474408643391
75.5975492437813,5202.97013926734,65.418532042544,67.7177164778777,56.9284609845388
64.382330546953,5763.40545126897,58.6106681446589,115.085429005737,52.9911578428712
77.2436095053961,4548.78619153693,56.5695345698537,50.464483176035,54.3693272878988
69.7464684484446,5889.87477894266,68.6506424840385,79.8041192689577,98.1340854692492
91.9167205900601,2025.3031990172,92.6060140887394,88.7171187363939,1.50260036272325
90.6536552313623,5586.21818314618,88.0184952723438,92.8829836234591,68.2295162782676
95.6135375792896,4773.80747929028,191.327097980547,69.4648268981101,56.4775586454383
99.6847377695901,5185.01541262567,83.7012261794543,16.3139476881598,55.6530366704586
74.4557427364854,5737.9617114775,45.2237208882659,72.4198551686317,62.2746333377543
76.1508819996341,3340.73191575525,78.6735946175427,148.009447668904,50.9216465686206
61.3646954597804,5572.56230085459,104.64190742013,187.790707535452,48.1583012460656
72.0856489436969,5281.48348595681,174.97601884045,161.506550076502,87.1919902360376
89.6257690908527,5673.5153445255,183.364928540519,123.856639956166,31.3690386250464
77.6631670883249,4678.06831026408,137.2413777628,192.421189738579,52.6536281656166
65.3559640125233,5262.86817916589,98.671259802911,168.122844032839,43.1055153724606
84.2471496023022,2423.53213534101,135.156967217487,194.40121603791,43.980410999655
98.6735923457675,2686.63486973849,169.373902494733,88.6689988703355,18.0193392695976
63.2168340675536,4104.82677556667,55.4003908809464,99.0402680757399,65.2393663533422
92.4561817931677,5961.1529351491,29.0329092826799,63.9716729917815,66.7869194309668
98.3667173370433,5380.11296118225,173.583304745454,199.969560597015,14.6201715831074
81.5916603492492,5215.0087123089,42.8518794903511,29.0253828550409,92.1512626666738
66.0098960716879,3433.83244523712,133.73804357916,191.065149470128,65.2614335749484
99.9769833055587,4578.18619796604,77.0093261923035,161.850580762122,64.3415195863316
75.295974116042,3783.3038763905,20.0004466746684,21.2114876210665,2.52493328657249
80.5176367788502,5291.26794393727,101.33699619749,105.728716556349,44.7827318288492
86.3181686009232,5050.7760195903,60.8501435971888,87.7400818993191,10.2772360372592
65.7984379704518,4494.95408403465,32.9592067283846,57.5154250504469,42.089398188286
72.5206300418338,5727.74460175328,179.342320148415,118.869381286165,97.1997128148225
99.9959213506318,5083.18058571349,76.3925270586381,86.8081092008126,89.3616686706329
99.030150645173,2314.50745705924,18.1249914835203,31.8040303981952,69.2197352689059
67.2203056790688,4882.37948937689,16.047991625262,27.8703920897193,22.6115481558467
94.4381457371717,5407.90559790199,55.152079048481,72.6432364885214,77.1042824656067
95.5513865102521,2740.85272408495,141.123479772984,115.668344087204,27.6735263923367
83.5170215661965,3882.77485515391,111.721107418414,161.059575600874,20.5018264727172
73.3825946875568,5785.27808686202,70.9296134611032,152.458755872078,13.544690713652
90.8827965356693,5033.83370815716,98.7185377002358,174.860530726377,75.0441470713449
79.8021789666389,2678.75090362043,109.064936394688,120.016676043968,36.7127613904695
94.6298325814086,2464.16941181459,29.7229530241746,57.541712758056,50.257635469961
82.5496174425167,4620.42383478213,41.7509478715242,57.5192227594085,60.4643411135813
73.6935502762111,4527.97662811799,93.7471094046251,196.993862253549,46.5424967093075
82.9216210748062,3622.64780944929,160.878587119455,153.830590977278,78.9286974508374
69.2032896343116,4993.47180631993,84.9596335661141,132.196821711943,62.4655806724336
82.7297036098266,5601.5735836996,144.470563843585,120.695626064364,89.5782448836567
89.5217017772407,4933.83813049605,68.6213488109039,143.304494971487,21.786488365391
69.0904923661199,5796.45851828702,62.5597714431194,148.337532888215,45.466965292322
82.570569249773,5986.55820898807,127.189064448542,191.64897069195,34.6842887269375
83.7343639969704,5771.47586351889,112.930349984093,107.588796319782,72.93007348103
77.8147063851028,5214.44710614276,100.520668219612,77.1988351359865,59.1316250972944
78.9331479059753,3735.83385256432,171.805710859268,184.857074222358,57.5149747101346
87.5443820442146,3892.38413949867,104.573391913265,192.920720910772,38.9675770696447
78.8680880383268,2579.33160511334,118.48716533541,108.66612672842,40.1950708466111
99.3359387475241,5319.22846320074,34.6599306576572,40.147664633513,56.443008838159
96.3650455189472,4694.83772165287,79.0704674591909,122.542666803085,90.6490158455476
95.9954421566455,4521.55908767234,142.1009740124,187.868253402551,66.6397814846551
68.1693847925011,5023.26604510642,115.595480385437,156.340931552209,5.40911714815844
88.569835886016,4671.75713733898,120.144072047893,115.06033563161,39.9402021670365
89.6031660018625,4809.34540120509,69.6182952987974,158.139307591593,79.2183075805841
64.7276859349708,5020.34745231091,85.5726985137727,135.015173279484,91.069224448441
83.5669167069762,5138.18565913071,74.2537411883888,53.0612582447337,37.5076162959123
81.4480156784848,3575.99121444071,102.249667277078,120.03548592757,96.249619436147
89.377954181939,5912.61082860247,143.133532182261,137.695722986178,46.5057743826875
97.31573565143,2662.83840683065,80.4639604169651,125.471482055278,91.7897122489643
86.733358438648,3216.37272299396,119.943519747409,124.683047372865,17.5790406661049
86.7822597121843,2642.57195816724,88.8017459997822,65.2963701725577,2.86469036134788
92.9418360950663,4580.43605688277,186.199285019993,191.961616497258,21.7003903917757
73.5904479877123,3890.5803363865,104.190938921346,148.634691787887,28.8716074206652
79.99321002457,3432.19491697302,145.287004874716,165.593792773902,62.7182259126082
85.8496100762903,3256.85224389314,78.7934761014867,139.593245477275,49.8034847943031
75.5706968483992,5570.38643086338,150.639450849268,143.831886171837,29.6279665518498
96.7153208859234,5752.51612917598,189.036887656821,46.0428282618309,9.69113565588373
96.9539662536292,1969.03609846707,129.29851554802,160.379033568278,69.821997937823
85.8921009305299,2857.6135734058,117.185516237884,104.844180354054,88.975389637499
83.9075389851276,3922.71309367482,72.7812112652445,155.96236819452,65.7474143399942
86.7475712821807,3055.22888397975,61.3942180289881,50.0080221888303,86.5802580659346
72.3554673044098,5418.21812861352,50.0590274611669,119.413190089153,1.60451719869856
77.0734849679249,3843.61143048647,168.56199981037,196.24387647275,54.9194260233084
91.9393626159261,3394.8862573915,178.92765040811,175.408802955186,3.04962200443116
82.1520089997952,4152.19312106636,32.8938438782747,23.7714317469992,93.2853557605464
91.7754069449112,4889.48927843333,152.973002963789,74.5773094669172,18.9513042690286
97.7095466322931,5177.56068495396,151.337588925664,138.197146503023,99.0940050223551
69.7800064030898,4392.93411484228,83.0201164712627,115.486080050027,14.0423388544802
87.3888796991871,5716.18461445123,80.8894329052423,56.8236837494947,75.7428046485619
73.9584200019137,5818.08252217275,28.3173129113859,28.1784788836082,31.0010975885747
84.9763414786847,5837.03907721306,120.90768852965,199.899106458531,79.3334155756937
80.5519347003667,3564.57320610788,103.012189551614,79.9663176974268,83.3804108391481
79.5117332958944,5885.60744472927,76.0166255027191,188.706314524616,41.0244790983587
92.5319874476999,5472.68992204208,163.251745541432,187.907177081493,93.9465772921251
83.5088073740322,3532.75422188753,144.693877794856,192.934742525785,87.0600896575833
94.7567998253541,2161.38303805321,108.116742732069,136.542275675757,58.7236448755904
84.3927020869409,3879.22666149194,41.0312866334588,99.3860550714423,21.2302374297861
87.3508976839918,2744.40030190983,138.914688687598,195.57131442447,16.8279327038542
97.9261847335953,5162.73109052518,121.015073181161,180.479783628554,69.4081529686215
80.9228965270013,4224.56411218954,110.346594109454,137.00166446421,78.9733795116954
58.6685352211249,5744.13472851273,129.799739183007,150.192943413307,11.6279026200372
85.8661856717818,2981.46822097371,155.274129459406,168.087513501337,26.9248098102206
83.0932666857493,3201.33473115918,35.8161152931284,64.4469572065787,61.5200953379213
93.3646576069642,3535.0597471214,143.449283755024,105.651715893195,32.8877928585596
82.0048092341051,5521.56974712538,43.0610464023654,27.1262384204328,91.343286008908
96.365432864104,2288.97151632842,29.8008526923548,45.2352148827456,67.095011819235
90.836071424117,2878.00636995242,106.446411177482,111.416319092176,97.963144060028
91.711107672148,2445.40295485496,126.19325864017,87.5370702735872,80.9045506477309
97.2479746950275,5935.22395764631,126.066718690302,92.6916658277313,5.61661392115369
73.7359020834713,2914.15411609785,106.570013040109,190.276798743655,50.6430289085044
94.1659405273655,4428.84870553402,85.7725611894142,188.22874955311,27.3241727374167
86.8694057899379,5166.20276555656,183.231411073621,115.527362742622,21.154999491738
73.0287600388942,4618.48813193979,187.28226007561,158.58365436676,38.1360854726881
77.7865841684187,3312.12884674845,74.1796820874731,144.652052956314,21.8723138107519
91.3514241185962,5282.78862983455,54.2240377305075,64.9272625611328,83.7946444026739
99.3323349233544,3471.83546869591,151.419546139954,155.440081811868,36.0539548713344
82.8376180681923,4511.66135524995,78.8432244440519,105.940050106153,21.5473910274445
89.2493216306108,4544.58448180779,147.730640555493,79.0347166383222,1.57024562402416
62.6012551799326,5790.75624525484,16.50462112668,30.260419308014,27.3987676903925
93.1112253908149,2629.17423501337,135.53794069446,91.4829844509859,63.2800964017723
95.2074771363882,2551.90716562716,133.614841202248,174.244434005544,97.1698298414409
96.2193956223396,3669.58102240992,98.3352028002781,67.9822101228171,52.5886422725073
88.6923265987551,2484.23008707349,3.36360217878345,4.61461407571093,75.5014490863191
98.5781318029276,3220.17796635558,119.240259709995,102.175387119986,26.7019140616264
94.822572930971,5860.17895068909,199.970961808683,89.3189971573538,19.9263795362895
91.7133166769449,3651.8715234914,65.4303129328194,88.5595682792809,39.681126563911
92.6572205818263,3115.60608354538,34.43568962338,37.4198369831606,49.2194716696912
78.0690722256589,3521.04015889958,36.4050171929979,62.2130341977605,16.2663845686996
81.0612715312383,2361.82311765366,112.710582429963,152.016999267399,90.3116813269284
84.3161066697562,5402.92231873792,89.7077710307707,87.1890655807978,81.8702357624853
80.5733240008707,5621.03300988089,98.0668488964216,185.966061395114,15.4726330476201
74.8535107645742,4990.71464782316,58.2361206794421,68.2076839935496,96.933911246976
86.7999206789032,3396.15550460302,77.1945953146731,82.7249305825181,19.5070863768735
95.6224622647679,3653.87287875767,154.776742638685,82.1640352630334,30.5767026676412
87.3875312133009,2856.25735928806,157.276453937521,115.541476653569,16.0253056558133
71.6050331060884,4554.06717496132,172.296191933241,181.402714893167,50.937906062951
96.1422163380964,3231.96108575163,104.961831167587,52.133596859823,5.80956604398675
83.7730150798073,5320.10367363262,71.9043069451805,126.743505501572,37.5451474761467
96.753383589304,5689.85599127832,186.449031609436,67.8378643319653,23.0304569118898
93.8759731707867,4159.98846252393,105.213920090696,37.4283468814325,12.9066407193654
80.015403369233,3496.28417408725,137.282952169854,172.086736272099,59.0345319299302
86.4297663388754,4994.46586515962,131.385767112309,166.193489545082,95.2183067004964
89.5328219303226,5241.13866690473,34.2759760961409,28.4046958478114,9.56554306460043
62.2577724835176,4079.10108134454,117.417378497733,156.173708091986,68.3350313486736
93.3608259532256,2953.76893770507,180.770402814551,161.232816598477,57.6283879077934
84.3130479618474,4659.43221169568,170.287799738781,115.753780700682,16.1147605581926
84.124297130167,4321.24590543545,97.0920512087519,89.4604163979568,0.366234306375372
95.3174672977378,5115.38156820446,50.8859927308016,110.456562259459,43.5905275387957
97.062686337819,2406.84582819788,165.226668830064,87.5912269980123,41.0908623943531
99.0500117547117,5722.63373953938,64.9194150437225,76.2076858706304,34.0549300207335
85.6110129958928,4010.42886594525,167.648211634911,107.397894643425,43.9504551037196
83.6518462437634,3888.65962667419,183.262154423056,106.659527354683,81.9685913608173
86.6091201021562,4571.70831712785,162.239814122878,131.877575357336,78.1945026549154
76.2803563457481,4545.5122642374,117.922338450059,99.0769984752442,15.6040464745438
95.9158198044148,5092.27390917786,167.910683572623,162.067029693616,73.0988112414549
77.5262161410071,5068.34233231265,197.953374122107,153.17756012942,62.8923288824103
97.986107864373,5849.20385960359,64.1139871600804,76.2154976650662,17.9290135340898
98.0772912588615,5242.9117922498,53.449507486191,37.0808891995868,69.7393960558403
87.6591071064338,5650.43806524275,182.385504750811,192.485635838009,25.1008234661828
78.1491131609342,3528.39823274567,198.087711781087,185.06379144645,31.4669511699694
73.3565432195228,4931.51604751016,36.0161393013217,79.751597924701,58.5315833066403
90.6277646279836,3110.0370175875,91.7789082902048,185.059923727872,5.29216380731158
96.911138388402,4889.03914459984,181.889484669783,148.896124099007,28.9851761491859
80.0387774967509,4465.84228121098,101.231668559179,58.5074296748604,0.953412879839847
67.3612109056981,4901.0077147767,60.6002586565106,110.034075535389,40.6315364292641
82.1004338514503,3443.05660672387,126.550601763307,104.011222428022,68.0742796211139
98.7767579939136,2842.09075014919,183.341633778778,76.0501086328697,85.099464515322
71.3685141709519,5618.74298534788,151.292258138952,118.048966757531,6.3597976325547
83.6182892160966,3904.90875351732,92.6694584622158,52.2211212981477,84.5668172739446
74.3062376007199,2793.42291854135,76.1591515068672,78.6644026004234,0.966214839290298
96.9990729030006,5690.65743280965,90.8760438852983,20.4712108906852,87.3469253775233
81.9137125288258,2933.09560815894,83.76767123646,104.674234905103,56.7177473536875
86.5551374267714,5687.6931097452,74.7947764800195,158.76396619666,64.6550155311821
92.1085919308912,5529.49902325305,72.2352552844521,82.4825720231456,72.7467035494085
76.1225431645962,4540.70598875797,199.290899186746,194.064005753098,0.153035441361908
85.1125852123177,5258.43110907676,97.0802127261842,146.750449903331,92.2328217235405
98.7409263456037,3320.64284679799,64.9692721305435,146.625448450701,98.9702717000808
80.7437464961548,2699.9004312277,145.726064510648,196.743516018533,85.8524672998191
76.1238177774134,5109.52100990814,118.734788423366,73.8802510954189,96.7541111211651
75.736757832101,4624.12644988352,161.372464887675,129.884326692424,58.1033666338698
80.5407213220769,4070.69118104497,89.4511672982114,112.292180866649,7.42049764517207
95.3682167238065,3138.29973823539,81.3506087227554,59.1037275277952,44.2632562586823
85.4339643003104,4510.37568416403,89.5020375089775,43.9007256222775,60.1436512377234
93.8019273048735,3824.01902424077,130.67653299815,199.010383393886,5.64899786804814
72.8114846428132,5218.0183616811,97.8878334722643,193.639271446962,4.53465628560249
88.056395075873,3075.52620016724,146.151221098484,164.10643758465,2.14266070981575
75.9334910024344,5368.26896471901,170.522758175091,106.669293719393,74.5580212993817
84.8229351889506,4546.44932380446,198.509217675523,184.165094629242,94.1429594758236
82.1029902410978,3068.62539525006,81.1285803815687,78.7331120121496,56.8560378989781
95.7199716920625,2410.81930800584,91.6864872097013,76.7948014364389,73.7081664902055
66.7793206030733,5812.80113362303,85.1515697260682,140.060091934749,36.7594219296199
74.2974256088875,5045.16795216942,173.790188584095,195.92790662381,71.7904531509436
91.3849543509936,4056.36216903183,154.360380389252,157.902876914665,41.9906553227644
85.166557792957,3286.42238899503,82.1373863873483,81.2714581944662,64.8708849635406
98.2001120976925,5482.29552067757,88.0124213473368,174.823242890936,41.9748423743024
95.1367423702829,5721.22818860585,133.130933850593,44.1008024504331,67.1166240199378
93.0452151982358,4489.7772585679,174.57574545889,185.348242789841,38.9968724949273
89.9294857235004,2481.26147177592,197.510791672683,154.012050946361,6.08171317786804
88.2049074143453,3986.07534521811,13.5683002041668,27.7440597130369,47.2722151733546
74.176884368293,4558.43005938303,81.8079198796878,67.0104594519771,12.9497160393175
83.7611878060799,3072.06449145205,164.115532626172,153.052263487333,90.1730879155521
86.4385038063649,5040.14015927658,96.1065527527041,68.5143804640954,26.8416615445945
74.3198673680267,3016.69858290658,117.903708061662,176.996461677659,28.5577894012019
72.2792006177301,3247.34496498661,132.838817635661,160.720609747313,58.703167398254
91.8477154911554,4542.78601517423,125.413420962633,57.4626131963971,6.51618389095217
63.7301445531356,4902.0620371748,71.3166267617742,133.111729392605,50.3175561326789
77.8228479834861,3675.35924480174,84.7225598756439,146.81899594384,30.5153422501464
74.0132540783744,5328.06504663022,93.9941091243584,79.5699200501068,35.2543067049609
94.2604508383139,4060.87502200669,47.033836210621,71.1157965541551,12.8381909350999
80.7939689718526,5169.20975018191,78.0792726945339,116.21805315799,6.36654653109279
70.226302175869,5699.48493933605,84.2246033406624,81.2168107540572,98.7716040509021
96.2391157078175,5927.85669513843,52.3731966881605,96.339215234983,4.74149226198207
97.737268408563,4278.77300255578,162.808029918482,160.83174077049,95.674942796581
99.130531097192,2047.1900500859,72.976110625088,123.92625638858,84.8129353867577
95.1954687619949,4214.88691579934,119.502953723216,154.557874552914,52.4986782626688
67.3628611407418,5409.24191780442,74.5587068321675,170.546259583352,85.0834210179685
75.6410961386627,4461.33376587122,194.064501426745,141.832921413995,62.1747048753733
85.6730309026759,4966.94676720652,58.7633602308992,46.4198464966212,49.170552743263
91.9804992391132,5981.93357168748,93.9019353710121,139.737409456256,49.9112072853616
85.5644638445947,3768.99005075682,189.204417055826,103.419204011372,64.2047789014236
96.0800976001565,3669.21764011431,124.443964948492,152.906202020703,22.8418370686198
79.2717196249677,2845.83282073336,67.5363873077018,126.443299492403,48.2866112967831
94.6302494432293,3568.21391619474,189.787073412144,158.390058177321,59.1235173526239
87.938764192295,4686.50485104718,63.4032044480244,40.43676339226,33.5255105104026
99.599768132938,4781.75612227183,187.434146518424,63.4462627716881,94.6475924890351
96.5028716388385,2582.39176476781,73.5653977863497,71.0795116030002,44.6646460230931
64.6679099920963,5641.9885674337,82.7437337477917,144.73904141102,85.6405701908672
68.6783987310731,3870.64542227756,168.400413027798,198.42976862178,83.1203786280894
86.8493442275942,4723.47149170983,191.963180060811,140.693038964912,86.7837693373096
97.1571911827186,4394.93734672362,198.247741579434,159.366911951526,4.0871566963343
91.2734950552664,5717.91609454121,70.2282503090045,150.57142735572,33.1368449865774
66.686508163203,4359.73160779667,98.2911537779868,156.504466835393,50.3892078037908
95.259140392789,4554.02163095691,104.209703212981,169.809859374876,76.732760377605
68.7286188342731,3524.10358516815,133.817791158357,153.583684248479,23.7941950045848
71.1799266229441,3975.04540272277,45.4176976130999,39.2124582413098,23.1185927821747
84.2291141996057,2251.55730646195,100.606285208628,147.213297240987,29.087395152755
97.1792869293345,4398.70853278119,161.876992550309,46.9822210993855,74.6556274624765
88.0961238774689,5678.12497589039,143.18762788573,91.7950378850493,77.7051265207683
87.6786465564413,3468.05279244552,112.273456189986,176.294077061621,89.6935057553591
97.8865254089696,4668.12181495348,156.932226381708,142.327087653343,98.2928784513199
91.0492614022331,2889.99356658167,97.9634066527683,96.1328736349563,21.5434819408376
76.3515220458425,5561.97154682364,129.005913435768,127.196150431828,10.5952435878252
73.974965359688,5192.12037975924,3.00977445580836,2.74626497650126,0.817551666076793
89.4855103000966,5074.055703218,132.942133667405,185.78310444343,34.0637397497584
78.5763577530585,5492.40762494057,37.3278426786864,34.6382055754649,86.9649742234535
93.4396221412442,4208.62041259954,176.091525432895,170.980984692705,10.4478302028763
87.8267308916571,3595.86868573462,176.887244729453,140.05541556108,68.0834295855408
85.8929425624972,5259.27957657961,183.159089378801,164.738928324472,98.7664319745338
79.4629726975221,3162.46861028333,146.414492146628,104.338436442286,34.1223777252434
95.5291378770863,4217.68065664861,137.940668843374,76.4058583074758,24.7099791831558
75.2768964657547,5795.94426056286,63.2942424719693,132.223479900622,78.4772421855528
73.2808567713756,2953.58338447878,91.5889766014896,135.100394072449,68.0358163965779
85.7171714569842,5170.31991235599,39.3536852913831,89.212100349161,18.2052332016814
93.8683778516535,3794.19977129287,168.51206553227,156.906133644626,90.1881542925937
87.7768575685533,5968.818347788,76.5220964650149,190.071595321151,75.1196926252235
84.6934884754582,5569.15878350498,150.871277247142,141.232323460123,47.3149395011295
96.9209518301669,3970.08073604125,140.371877377003,65.5933217307113,84.912468782123
60.9192461337436,4745.11131760272,145.16837999621,173.840022040933,25.984181182986
65.2242589369756,5320.42009631344,99.1576439474686,174.878197243126,21.0502685017672
90.2585343293322,4482.31212453007,74.2759962308703,153.266243687919,12.7692536966239
64.7609670550984,4054.7945598134,84.4035917061724,148.905508121323,35.8439552854643
90.4631305621544,2388.06423026076,141.894654096358,174.877748875779,21.0856894215717
98.4387554185375,3749.07185854552,63.5305677406392,90.1248639100165,38.9300399522292
89.6581962513283,2128.20347530449,123.419385650948,159.990875927755,24.0810631578318
93.9967395428153,5227.61283450375,102.733195159003,106.320846358253,99.5507004204016
92.2020530628336,4543.75367101765,185.228132975393,119.779247857417,8.71661233691821
74.7221372339652,2770.35662304474,27.392341267226,31.2874557068084,8.08671600150267
76.8641444838005,2882.18593981459,109.164098229057,193.982091628778,99.9885455012641
91.7722901805854,4298.25325776746,110.566752438639,45.2510052714984,6.66692836046503
92.9766970661359,5372.0842919763,97.8209514922365,129.828233282378,97.0911984900688
98.1971263324614,3474.35492339214,181.458798109887,103.348583212007,35.8253600109542
72.9592546918488,4054.95661926246,133.575254632778,128.71091450189,79.0649476314537
82.6600208836804,2649.90840437378,142.872614819441,122.964460705316,29.8387048161819
67.2706813436937,5128.81680037684,121.492493083104,186.391872718816,70.2733087549837
99.8123791285499,5366.5997924406,146.070192310866,188.519443567387,45.4578879710521
92.8116630250881,3748.34052348855,141.429410771075,109.141358262255,6.04978227281665
64.5440163655801,4375.72528099428,102.492491115452,179.67483149524,9.60113180872418
86.2815192317022,5365.60847867433,85.9176378417454,74.0868436366002,17.5310360888503
71.2316016022752,5868.40649801971,51.8385243486644,94.1840795477127,36.4227011525457
